<?xml version="1.0" encoding="UTF-8"?>
<!-- track-length = 345577 filtered ascend = 801 plain-ascend = -56 cost=345577 energy=4.2kwh time=7h 40m 47s -->
<gpx 
 xmlns="http://www.topografix.com/GPX/1/1" 
 xmlns:xsi="http://www.w3.org/2001/XMLSchema-instance" 
 xsi:schemaLocation="http://www.topografix.com/GPX/1/1 http://www.topografix.com/GPX/1/1/gpx.xsd" 
 version="1.1" 
 creator="BRouter-Web 0.18.1">
 <trk>
  <name>SWH</name>
  <trkseg>
   <trkpt lat="-35.340774" lon="143.562322"><ele>73</ele></trkpt>
   <trkpt lat="-35.340781" lon="143.562324"><ele>73.25</ele></trkpt>
   <trkpt lat="-35.341132" lon="143.562412"><ele>73</ele></trkpt>
   <trkpt lat="-35.341856" lon="143.562587"><ele>72.5</ele></trkpt>
   <trkpt lat="-35.342584" lon="143.562759"><ele>72</ele></trkpt>
   <trkpt lat="-35.344331" lon="143.563207"><ele>72.25</ele></trkpt>
   <trkpt lat="-35.344398" lon="143.563218"><ele>72.25</ele></trkpt>
   <trkpt lat="-35.344691" lon="143.563294"><ele>72</ele></trkpt>
   <trkpt lat="-35.344746" lon="143.563307"><ele>72</ele></trkpt>
   <trkpt lat="-35.34495" lon="143.563357"><ele>71.75</ele></trkpt>
   <trkpt lat="-35.345714" lon="143.563542"><ele>73.75</ele></trkpt>
   <trkpt lat="-35.346777" lon="143.563638"><ele>73.25</ele></trkpt>
   <trkpt lat="-35.348233" lon="143.563856"><ele>75.25</ele></trkpt>
   <trkpt lat="-35.349203" lon="143.563962"><ele>74</ele></trkpt>
   <trkpt lat="-35.351198" lon="143.564205"><ele>75.75</ele></trkpt>
   <trkpt lat="-35.353425" lon="143.564429"><ele>73.75</ele></trkpt>
   <trkpt lat="-35.353702" lon="143.564439"><ele>73.25</ele></trkpt>
   <trkpt lat="-35.353973" lon="143.564438"><ele>73</ele></trkpt>
   <trkpt lat="-35.354397" lon="143.564451"><ele>72.5</ele></trkpt>
   <trkpt lat="-35.355259" lon="143.564409"><ele>73.5</ele></trkpt>
   <trkpt lat="-35.356246" lon="143.564281"><ele>74</ele></trkpt>
   <trkpt lat="-35.358199" lon="143.563916"><ele>72</ele></trkpt>
   <trkpt lat="-35.359727" lon="143.563653"><ele>70.25</ele></trkpt>
   <trkpt lat="-35.364963" lon="143.562716"><ele>70.25</ele></trkpt>
   <trkpt lat="-35.366226" lon="143.562623"><ele>70.5</ele></trkpt>
   <trkpt lat="-35.369561" lon="143.562621"><ele>68.25</ele></trkpt>
   <trkpt lat="-35.371699" lon="143.562619"><ele>69.75</ele></trkpt>
   <trkpt lat="-35.374734" lon="143.562605"><ele>69.25</ele></trkpt>
   <trkpt lat="-35.375504" lon="143.562678"><ele>69</ele></trkpt>
   <trkpt lat="-35.375914" lon="143.562756"><ele>69.25</ele></trkpt>
   <trkpt lat="-35.376596" lon="143.562937"><ele>69.75</ele></trkpt>
   <trkpt lat="-35.377529" lon="143.563327"><ele>71.75</ele></trkpt>
   <trkpt lat="-35.379504" lon="143.564411"><ele>69.75</ele></trkpt>
   <trkpt lat="-35.384067" lon="143.566977"><ele>70.75</ele></trkpt>
   <trkpt lat="-35.392895" lon="143.571936"><ele>70.25</ele></trkpt>
   <trkpt lat="-35.394359" lon="143.572769"><ele>71</ele></trkpt>
   <trkpt lat="-35.394805" lon="143.573058"><ele>69.75</ele></trkpt>
   <trkpt lat="-35.39493" lon="143.573139"><ele>69.5</ele></trkpt>
   <trkpt lat="-35.395432" lon="143.573501"><ele>70</ele></trkpt>
   <trkpt lat="-35.395962" lon="143.573914"><ele>70.25</ele></trkpt>
   <trkpt lat="-35.39707" lon="143.574798"><ele>68.75</ele></trkpt>
   <trkpt lat="-35.404319" lon="143.580712"><ele>71</ele></trkpt>
   <trkpt lat="-35.409138" lon="143.584643"><ele>70.5</ele></trkpt>
   <trkpt lat="-35.412758" lon="143.5876"><ele>70.75</ele></trkpt>
   <trkpt lat="-35.413545" lon="143.588244"><ele>71.25</ele></trkpt>
   <trkpt lat="-35.414201" lon="143.588764"><ele>70.25</ele></trkpt>
   <trkpt lat="-35.417171" lon="143.591146"><ele>71</ele></trkpt>
   <trkpt lat="-35.420917" lon="143.594251"><ele>70.5</ele></trkpt>
   <trkpt lat="-35.429346" lon="143.601068"><ele>72.25</ele></trkpt>
   <trkpt lat="-35.432004" lon="143.603237"><ele>71.5</ele></trkpt>
   <trkpt lat="-35.432736" lon="143.603787"><ele>70.75</ele></trkpt>
   <trkpt lat="-35.435117" lon="143.605763"><ele>70.75</ele></trkpt>
   <trkpt lat="-35.437283" lon="143.607875"><ele>70</ele></trkpt>
   <trkpt lat="-35.440728" lon="143.612231"><ele>70.75</ele></trkpt>
   <trkpt lat="-35.442235" lon="143.614314"><ele>71</ele></trkpt>
   <trkpt lat="-35.442947" lon="143.615238"><ele>69.75</ele></trkpt>
   <trkpt lat="-35.443028" lon="143.615344"><ele>69.75</ele></trkpt>
   <trkpt lat="-35.444487" lon="143.617237"><ele>68.75</ele></trkpt>
   <trkpt lat="-35.445181" lon="143.618044"><ele>71</ele></trkpt>
   <trkpt lat="-35.446168" lon="143.618953"><ele>72.25</ele></trkpt>
   <trkpt lat="-35.448626" lon="143.621163"><ele>73</ele></trkpt>
   <trkpt lat="-35.451844" lon="143.623998"><ele>70.75</ele></trkpt>
   <trkpt lat="-35.458184" lon="143.629634"><ele>72.25</ele></trkpt>
   <trkpt lat="-35.462006" lon="143.633021"><ele>72.5</ele></trkpt>
   <trkpt lat="-35.462375" lon="143.633352"><ele>72</ele></trkpt>
   <trkpt lat="-35.472182" lon="143.642029"><ele>70.5</ele></trkpt>
   <trkpt lat="-35.479229" lon="143.648276"><ele>73</ele></trkpt>
   <trkpt lat="-35.492647" lon="143.660189"><ele>74</ele></trkpt>
   <trkpt lat="-35.501907" lon="143.668392"><ele>71.25</ele></trkpt>
   <trkpt lat="-35.502183" lon="143.668628"><ele>71.5</ele></trkpt>
   <trkpt lat="-35.504721" lon="143.670889"><ele>73</ele></trkpt>
   <trkpt lat="-35.514854" lon="143.67988"><ele>76.75</ele></trkpt>
   <trkpt lat="-35.525576" lon="143.689412"><ele>73.25</ele></trkpt>
   <trkpt lat="-35.529567" lon="143.692949"><ele>73.5</ele></trkpt>
   <trkpt lat="-35.538526" lon="143.700642"><ele>74.25</ele></trkpt>
   <trkpt lat="-35.542615" lon="143.704778"><ele>73.75</ele></trkpt>
   <trkpt lat="-35.544673" lon="143.70734"><ele>74.25</ele></trkpt>
   <trkpt lat="-35.556404" lon="143.722346"><ele>73.25</ele></trkpt>
   <trkpt lat="-35.557812" lon="143.72414"><ele>74.25</ele></trkpt>
   <trkpt lat="-35.558129" lon="143.724545"><ele>74</ele></trkpt>
   <trkpt lat="-35.559345" lon="143.726026"><ele>74</ele></trkpt>
   <trkpt lat="-35.562139" lon="143.729616"><ele>75</ele></trkpt>
   <trkpt lat="-35.562228" lon="143.72973"><ele>75.25</ele></trkpt>
   <trkpt lat="-35.571074" lon="143.741095"><ele>75</ele></trkpt>
   <trkpt lat="-35.572814" lon="143.743325"><ele>74.75</ele></trkpt>
   <trkpt lat="-35.573477" lon="143.74407"><ele>74.25</ele></trkpt>
   <trkpt lat="-35.573649" lon="143.744263"><ele>74.75</ele></trkpt>
   <trkpt lat="-35.574432" lon="143.74509"><ele>74.5</ele></trkpt>
   <trkpt lat="-35.575228" lon="143.745862"><ele>73.5</ele></trkpt>
   <trkpt lat="-35.576072" lon="143.746649"><ele>75</ele></trkpt>
   <trkpt lat="-35.576943" lon="143.747332"><ele>75.25</ele></trkpt>
   <trkpt lat="-35.578719" lon="143.748629"><ele>78.75</ele></trkpt>
   <trkpt lat="-35.579869" lon="143.749438"><ele>76.5</ele></trkpt>
   <trkpt lat="-35.580957" lon="143.750076"><ele>77</ele></trkpt>
   <trkpt lat="-35.587648" lon="143.753964"><ele>78.5</ele></trkpt>
   <trkpt lat="-35.600029" lon="143.761199"><ele>85</ele></trkpt>
   <trkpt lat="-35.60416" lon="143.76362"><ele>81.5</ele></trkpt>
   <trkpt lat="-35.610982" lon="143.767642"><ele>74.5</ele></trkpt>
   <trkpt lat="-35.613457" lon="143.769534"><ele>74.5</ele></trkpt>
   <trkpt lat="-35.615112" lon="143.771286"><ele>74.5</ele></trkpt>
   <trkpt lat="-35.615338" lon="143.771532"><ele>74.5</ele></trkpt>
   <trkpt lat="-35.617264" lon="143.774224"><ele>73</ele></trkpt>
   <trkpt lat="-35.61757" lon="143.774738"><ele>74.25</ele></trkpt>
   <trkpt lat="-35.618504" lon="143.776674"><ele>74</ele></trkpt>
   <trkpt lat="-35.619093" lon="143.778098"><ele>74.75</ele></trkpt>
   <trkpt lat="-35.619641" lon="143.779755"><ele>74.75</ele></trkpt>
   <trkpt lat="-35.620075" lon="143.781438"><ele>75</ele></trkpt>
   <trkpt lat="-35.620401" lon="143.783306"><ele>73.75</ele></trkpt>
   <trkpt lat="-35.620663" lon="143.785243"><ele>76</ele></trkpt>
   <trkpt lat="-35.621889" lon="143.794491"><ele>76.75</ele></trkpt>
   <trkpt lat="-35.621928" lon="143.79479"><ele>76.5</ele></trkpt>
   <trkpt lat="-35.622253" lon="143.797307"><ele>76.75</ele></trkpt>
   <trkpt lat="-35.622588" lon="143.799861"><ele>76.5</ele></trkpt>
   <trkpt lat="-35.622888" lon="143.801107"><ele>79.25</ele></trkpt>
   <trkpt lat="-35.623176" lon="143.801937"><ele>78.75</ele></trkpt>
   <trkpt lat="-35.623676" lon="143.803137"><ele>78.75</ele></trkpt>
   <trkpt lat="-35.624163" lon="143.80409"><ele>79</ele></trkpt>
   <trkpt lat="-35.624713" lon="143.804874"><ele>81</ele></trkpt>
   <trkpt lat="-35.625426" lon="143.805705"><ele>81.5</ele></trkpt>
   <trkpt lat="-35.626426" lon="143.806689"><ele>81.5</ele></trkpt>
   <trkpt lat="-35.630813" lon="143.809797"><ele>79.75</ele></trkpt>
   <trkpt lat="-35.642161" lon="143.817942"><ele>76.75</ele></trkpt>
   <trkpt lat="-35.649533" lon="143.823296"><ele>76.25</ele></trkpt>
   <trkpt lat="-35.65364" lon="143.826265"><ele>74.25</ele></trkpt>
   <trkpt lat="-35.657458" lon="143.829023"><ele>73.75</ele></trkpt>
   <trkpt lat="-35.662677" lon="143.83283"><ele>75</ele></trkpt>
   <trkpt lat="-35.664801" lon="143.834491"><ele>75.25</ele></trkpt>
   <trkpt lat="-35.6669" lon="143.83669"><ele>75.25</ele></trkpt>
   <trkpt lat="-35.674146" lon="143.845609"><ele>76</ele></trkpt>
   <trkpt lat="-35.684151" lon="143.858049"><ele>78.25</ele></trkpt>
   <trkpt lat="-35.686528" lon="143.86104"><ele>77.25</ele></trkpt>
   <trkpt lat="-35.686639" lon="143.861175"><ele>77.75</ele></trkpt>
   <trkpt lat="-35.68769" lon="143.862389"><ele>78.25</ele></trkpt>
   <trkpt lat="-35.692718" lon="143.868767"><ele>77.5</ele></trkpt>
   <trkpt lat="-35.696995" lon="143.874011"><ele>78</ele></trkpt>
   <trkpt lat="-35.698919" lon="143.87641"><ele>76.75</ele></trkpt>
   <trkpt lat="-35.698965" lon="143.876468"><ele>76.75</ele></trkpt>
   <trkpt lat="-35.701561" lon="143.879706"><ele>77.75</ele></trkpt>
   <trkpt lat="-35.708487" lon="143.888294"><ele>78.5</ele></trkpt>
   <trkpt lat="-35.71034" lon="143.890683"><ele>78.25</ele></trkpt>
   <trkpt lat="-35.710733" lon="143.891157"><ele>77.25</ele></trkpt>
   <trkpt lat="-35.712696" lon="143.893594"><ele>78</ele></trkpt>
   <trkpt lat="-35.712992" lon="143.893949"><ele>78</ele></trkpt>
   <trkpt lat="-35.714466" lon="143.895933"><ele>78.25</ele></trkpt>
   <trkpt lat="-35.715187" lon="143.897077"><ele>79</ele></trkpt>
   <trkpt lat="-35.71602" lon="143.898617"><ele>78.5</ele></trkpt>
   <trkpt lat="-35.716544" lon="143.899973"><ele>78.75</ele></trkpt>
   <trkpt lat="-35.717709" lon="143.903061"><ele>80.75</ele></trkpt>
   <trkpt lat="-35.718593" lon="143.905333"><ele>81.75</ele></trkpt>
   <trkpt lat="-35.71896" lon="143.906351"><ele>80</ele></trkpt>
   <trkpt lat="-35.720396" lon="143.910268"><ele>79</ele></trkpt>
   <trkpt lat="-35.721946" lon="143.914498"><ele>80.75</ele></trkpt>
   <trkpt lat="-35.723022" lon="143.917293"><ele>81.5</ele></trkpt>
   <trkpt lat="-35.723506" lon="143.918359"><ele>81.75</ele></trkpt>
   <trkpt lat="-35.724237" lon="143.919499"><ele>79</ele></trkpt>
   <trkpt lat="-35.72492" lon="143.920205"><ele>80.75</ele></trkpt>
   <trkpt lat="-35.72505" lon="143.920337"><ele>81</ele></trkpt>
   <trkpt lat="-35.725135" lon="143.920407"><ele>81</ele></trkpt>
   <trkpt lat="-35.72559" lon="143.920811"><ele>81</ele></trkpt>
   <trkpt lat="-35.726121" lon="143.921177"><ele>80.5</ele></trkpt>
   <trkpt lat="-35.726802" lon="143.921543"><ele>78.75</ele></trkpt>
   <trkpt lat="-35.728773" lon="143.92247"><ele>79.5</ele></trkpt>
   <trkpt lat="-35.730061" lon="143.923061"><ele>80.5</ele></trkpt>
   <trkpt lat="-35.7314" lon="143.923689"><ele>81.75</ele></trkpt>
   <trkpt lat="-35.73181" lon="143.923855"><ele>82.5</ele></trkpt>
   <trkpt lat="-35.732337" lon="143.92409"><ele>82.25</ele></trkpt>
   <trkpt lat="-35.733943" lon="143.924861"><ele>79.75</ele></trkpt>
   <trkpt lat="-35.734509" lon="143.925153"><ele>79.75</ele></trkpt>
   <trkpt lat="-35.735049" lon="143.925416"><ele>79.75</ele></trkpt>
   <trkpt lat="-35.738343" lon="143.926944"><ele>79.75</ele></trkpt>
   <trkpt lat="-35.741572" lon="143.928416"><ele>80.75</ele></trkpt>
   <trkpt lat="-35.744817" lon="143.930027"><ele>79.75</ele></trkpt>
   <trkpt lat="-35.746415" lon="143.930726"><ele>79</ele></trkpt>
   <trkpt lat="-35.758174" lon="143.936249"><ele>79.5</ele></trkpt>
   <trkpt lat="-35.758268" lon="143.936293"><ele>79.5</ele></trkpt>
   <trkpt lat="-35.763006" lon="143.938516"><ele>81.5</ele></trkpt>
   <trkpt lat="-35.777344" lon="143.94517"><ele>79</ele></trkpt>
   <trkpt lat="-35.800307" lon="143.95598"><ele>81.25</ele></trkpt>
   <trkpt lat="-35.8274" lon="143.968742"><ele>81.75</ele></trkpt>
   <trkpt lat="-35.841705" lon="143.975489"><ele>83</ele></trkpt>
   <trkpt lat="-35.852218" lon="143.980371"><ele>83.25</ele></trkpt>
   <trkpt lat="-35.852286" lon="143.980402"><ele>83.25</ele></trkpt>
   <trkpt lat="-35.853841" lon="143.981142"><ele>82.25</ele></trkpt>
   <trkpt lat="-35.855553" lon="143.981919"><ele>81.5</ele></trkpt>
   <trkpt lat="-35.856391" lon="143.982309"><ele>81.25</ele></trkpt>
   <trkpt lat="-35.860131" lon="143.984072"><ele>84</ele></trkpt>
   <trkpt lat="-35.860877" lon="143.984465"><ele>84</ele></trkpt>
   <trkpt lat="-35.862093" lon="143.985259"><ele>81</ele></trkpt>
   <trkpt lat="-35.862785" lon="143.985788"><ele>81</ele></trkpt>
   <trkpt lat="-35.86359" lon="143.986518"><ele>81.5</ele></trkpt>
   <trkpt lat="-35.872368" lon="143.994961"><ele>81</ele></trkpt>
   <trkpt lat="-35.874588" lon="143.997073"><ele>82</ele></trkpt>
   <trkpt lat="-35.874735" lon="143.997215"><ele>82.25</ele></trkpt>
   <trkpt lat="-35.878763" lon="144.001099"><ele>82.5</ele></trkpt>
   <trkpt lat="-35.879211" lon="144.00153"><ele>82</ele></trkpt>
   <trkpt lat="-35.889452" lon="144.011407"><ele>81.75</ele></trkpt>
   <trkpt lat="-35.896219" lon="144.015434"><ele>81.75</ele></trkpt>
   <trkpt lat="-35.898628" lon="144.016872"><ele>83.25</ele></trkpt>
   <trkpt lat="-35.912118" lon="144.024797"><ele>83.5</ele></trkpt>
   <trkpt lat="-35.918643" lon="144.02857"><ele>83.5</ele></trkpt>
   <trkpt lat="-35.918905" lon="144.028723"><ele>83.75</ele></trkpt>
   <trkpt lat="-35.920527" lon="144.029648"><ele>84.75</ele></trkpt>
   <trkpt lat="-35.920596" lon="144.029705"><ele>84.5</ele></trkpt>
   <trkpt lat="-35.92112" lon="144.029989"><ele>84.25</ele></trkpt>
   <trkpt lat="-35.93348" lon="144.037255"><ele>85</ele></trkpt>
   <trkpt lat="-35.933577" lon="144.037312"><ele>84.75</ele></trkpt>
   <trkpt lat="-35.947189" lon="144.045294"><ele>84.25</ele></trkpt>
   <trkpt lat="-35.947568" lon="144.045516"><ele>84.5</ele></trkpt>
   <trkpt lat="-35.94942" lon="144.046603"><ele>85.25</ele></trkpt>
   <trkpt lat="-35.95181" lon="144.047979"><ele>84.5</ele></trkpt>
   <trkpt lat="-35.952431" lon="144.048357"><ele>83</ele></trkpt>
   <trkpt lat="-35.956751" lon="144.050823"><ele>86</ele></trkpt>
   <trkpt lat="-35.960173" lon="144.052883"><ele>85.5</ele></trkpt>
   <trkpt lat="-35.971129" lon="144.059351"><ele>85</ele></trkpt>
   <trkpt lat="-35.980636" lon="144.064937"><ele>85.75</ele></trkpt>
   <trkpt lat="-35.980786" lon="144.065026"><ele>86</ele></trkpt>
   <trkpt lat="-35.984693" lon="144.067321"><ele>85.5</ele></trkpt>
   <trkpt lat="-35.984898" lon="144.067446"><ele>85.75</ele></trkpt>
   <trkpt lat="-35.992801" lon="144.072281"><ele>85.5</ele></trkpt>
   <trkpt lat="-35.996298" lon="144.074628"><ele>86.5</ele></trkpt>
   <trkpt lat="-35.996377" lon="144.074681"><ele>86.5</ele></trkpt>
   <trkpt lat="-36.000125" lon="144.077195"><ele>87</ele></trkpt>
   <trkpt lat="-36.001484" lon="144.078109"><ele>87.25</ele></trkpt>
   <trkpt lat="-36.001829" lon="144.078341"><ele>87</ele></trkpt>
   <trkpt lat="-36.010126" lon="144.083911"><ele>86.25</ele></trkpt>
   <trkpt lat="-36.013111" lon="144.085949"><ele>86.75</ele></trkpt>
   <trkpt lat="-36.016287" lon="144.088182"><ele>87.5</ele></trkpt>
   <trkpt lat="-36.016378" lon="144.088246"><ele>87.75</ele></trkpt>
   <trkpt lat="-36.028659" lon="144.096558"><ele>89</ele></trkpt>
   <trkpt lat="-36.031373" lon="144.098411"><ele>88</ele></trkpt>
   <trkpt lat="-36.036242" lon="144.101878"><ele>89</ele></trkpt>
   <trkpt lat="-36.043988" lon="144.107095"><ele>89</ele></trkpt>
   <trkpt lat="-36.044089" lon="144.107163"><ele>89</ele></trkpt>
   <trkpt lat="-36.050949" lon="144.111784"><ele>88</ele></trkpt>
   <trkpt lat="-36.051134" lon="144.111908"><ele>88.25</ele></trkpt>
   <trkpt lat="-36.051584" lon="144.112211"><ele>89</ele></trkpt>
   <trkpt lat="-36.051831" lon="144.112439"><ele>89.5</ele></trkpt>
   <trkpt lat="-36.052164" lon="144.112751"><ele>89.75</ele></trkpt>
   <trkpt lat="-36.052454" lon="144.112962"><ele>90</ele></trkpt>
   <trkpt lat="-36.053077" lon="144.113374"><ele>92.25</ele></trkpt>
   <trkpt lat="-36.053735" lon="144.113836"><ele>91.75</ele></trkpt>
   <trkpt lat="-36.05397" lon="144.113971"><ele>91.25</ele></trkpt>
   <trkpt lat="-36.054293" lon="144.114127"><ele>91</ele></trkpt>
   <trkpt lat="-36.054545" lon="144.114249"><ele>91.25</ele></trkpt>
   <trkpt lat="-36.05508" lon="144.114618"><ele>92.5</ele></trkpt>
   <trkpt lat="-36.055175" lon="144.114684"><ele>92.5</ele></trkpt>
   <trkpt lat="-36.056443" lon="144.115529"><ele>91.75</ele></trkpt>
   <trkpt lat="-36.059447" lon="144.117587"><ele>90.75</ele></trkpt>
   <trkpt lat="-36.059627" lon="144.117709"><ele>90.75</ele></trkpt>
   <trkpt lat="-36.06499" lon="144.121368"><ele>91.25</ele></trkpt>
   <trkpt lat="-36.071955" lon="144.126111"><ele>91.25</ele></trkpt>
   <trkpt lat="-36.073646" lon="144.127263"><ele>90.25</ele></trkpt>
   <trkpt lat="-36.073981" lon="144.127491"><ele>90.75</ele></trkpt>
   <trkpt lat="-36.092281" lon="144.139956"><ele>91.75</ele></trkpt>
   <trkpt lat="-36.092882" lon="144.140369"><ele>92.5</ele></trkpt>
   <trkpt lat="-36.092948" lon="144.140414"><ele>92.75</ele></trkpt>
   <trkpt lat="-36.102444" lon="144.146937"><ele>92.25</ele></trkpt>
   <trkpt lat="-36.108691" lon="144.151172"><ele>94.25</ele></trkpt>
   <trkpt lat="-36.115049" lon="144.15549"><ele>91.5</ele></trkpt>
   <trkpt lat="-36.127802" lon="144.164229"><ele>96</ele></trkpt>
   <trkpt lat="-36.12787" lon="144.164276"><ele>96</ele></trkpt>
   <trkpt lat="-36.130325" lon="144.165958"><ele>94.5</ele></trkpt>
   <trkpt lat="-36.139573" lon="144.173027"><ele>94.5</ele></trkpt>
   <trkpt lat="-36.148399" lon="144.180139"><ele>97</ele></trkpt>
   <trkpt lat="-36.149294" lon="144.18086"><ele>97</ele></trkpt>
   <trkpt lat="-36.149911" lon="144.181358"><ele>97.5</ele></trkpt>
   <trkpt lat="-36.15059" lon="144.181905"><ele>98</ele></trkpt>
   <trkpt lat="-36.154015" lon="144.184665"><ele>97.75</ele></trkpt>
   <trkpt lat="-36.154975" lon="144.185439"><ele>96.75</ele></trkpt>
   <trkpt lat="-36.155392" lon="144.185775"><ele>96</ele></trkpt>
   <trkpt lat="-36.163753" lon="144.192501"><ele>105</ele></trkpt>
   <trkpt lat="-36.169184" lon="144.1969"><ele>100.75</ele></trkpt>
   <trkpt lat="-36.174441" lon="144.201143"><ele>97.5</ele></trkpt>
   <trkpt lat="-36.184587" lon="144.209332"><ele>99</ele></trkpt>
   <trkpt lat="-36.199031" lon="144.220994"><ele>96.5</ele></trkpt>
   <trkpt lat="-36.205669" lon="144.226363"><ele>98.75</ele></trkpt>
   <trkpt lat="-36.209014" lon="144.229072"><ele>98.75</ele></trkpt>
   <trkpt lat="-36.21082" lon="144.230527"><ele>100</ele></trkpt>
   <trkpt lat="-36.21108" lon="144.230726"><ele>99.5</ele></trkpt>
   <trkpt lat="-36.21118" lon="144.230802"><ele>99.5</ele></trkpt>
   <trkpt lat="-36.211503" lon="144.231018"><ele>99.5</ele></trkpt>
   <trkpt lat="-36.211895" lon="144.231245"><ele>99.75</ele></trkpt>
   <trkpt lat="-36.212263" lon="144.231397"><ele>99.75</ele></trkpt>
   <trkpt lat="-36.21258" lon="144.231514"><ele>99.75</ele></trkpt>
   <trkpt lat="-36.213046" lon="144.231628"><ele>100.5</ele></trkpt>
   <trkpt lat="-36.213365" lon="144.23168"><ele>100.75</ele></trkpt>
   <trkpt lat="-36.213463" lon="144.23169"><ele>100.75</ele></trkpt>
   <trkpt lat="-36.214166" lon="144.231725"><ele>99.75</ele></trkpt>
   <trkpt lat="-36.215354" lon="144.231714"><ele>99.25</ele></trkpt>
   <trkpt lat="-36.221469" lon="144.231715"><ele>99</ele></trkpt>
   <trkpt lat="-36.221496" lon="144.231715"><ele>99</ele></trkpt>
   <trkpt lat="-36.225904" lon="144.231716"><ele>100.75</ele></trkpt>
   <trkpt lat="-36.234069" lon="144.231717"><ele>99.75</ele></trkpt>
   <trkpt lat="-36.243468" lon="144.231667"><ele>102</ele></trkpt>
   <trkpt lat="-36.255308" lon="144.231678"><ele>101.5</ele></trkpt>
   <trkpt lat="-36.26995" lon="144.231691"><ele>100</ele></trkpt>
   <trkpt lat="-36.281835" lon="144.231702"><ele>102.25</ele></trkpt>
   <trkpt lat="-36.284733" lon="144.231705"><ele>103.25</ele></trkpt>
   <trkpt lat="-36.29568" lon="144.231715"><ele>102</ele></trkpt>
   <trkpt lat="-36.299038" lon="144.231717"><ele>104</ele></trkpt>
   <trkpt lat="-36.300167" lon="144.231713"><ele>104</ele></trkpt>
   <trkpt lat="-36.311062" lon="144.231692"><ele>103.5</ele></trkpt>
   <trkpt lat="-36.313367" lon="144.231699"><ele>103.75</ele></trkpt>
   <trkpt lat="-36.342061" lon="144.231704"><ele>105.75</ele></trkpt>
   <trkpt lat="-36.350311" lon="144.231707"><ele>107.5</ele></trkpt>
   <trkpt lat="-36.356426" lon="144.231715"><ele>106.75</ele></trkpt>
   <trkpt lat="-36.364568" lon="144.231725"><ele>105.5</ele></trkpt>
   <trkpt lat="-36.365473" lon="144.231698"><ele>106.75</ele></trkpt>
   <trkpt lat="-36.367541" lon="144.231358"><ele>107.75</ele></trkpt>
   <trkpt lat="-36.368369" lon="144.231239"><ele>107</ele></trkpt>
   <trkpt lat="-36.369767" lon="144.230981"><ele>108.25</ele></trkpt>
   <trkpt lat="-36.37066" lon="144.230745"><ele>107.75</ele></trkpt>
   <trkpt lat="-36.370909" lon="144.230688"><ele>107.75</ele></trkpt>
   <trkpt lat="-36.376399" lon="144.229719"><ele>108.75</ele></trkpt>
   <trkpt lat="-36.376592" lon="144.229681"><ele>109.25</ele></trkpt>
   <trkpt lat="-36.378563" lon="144.2293"><ele>108.25</ele></trkpt>
   <trkpt lat="-36.385477" lon="144.228067"><ele>109.75</ele></trkpt>
   <trkpt lat="-36.386388" lon="144.227938"><ele>109</ele></trkpt>
   <trkpt lat="-36.390957" lon="144.22709"><ele>111</ele></trkpt>
   <trkpt lat="-36.39499" lon="144.226371"><ele>108.75</ele></trkpt>
   <trkpt lat="-36.399995" lon="144.225522"><ele>109.75</ele></trkpt>
   <trkpt lat="-36.408237" lon="144.224"><ele>110</ele></trkpt>
   <trkpt lat="-36.413358" lon="144.223067"><ele>112.5</ele></trkpt>
   <trkpt lat="-36.413503" lon="144.223037"><ele>112.25</ele></trkpt>
   <trkpt lat="-36.414508" lon="144.222866"><ele>111</ele></trkpt>
   <trkpt lat="-36.417139" lon="144.222402"><ele>111.5</ele></trkpt>
   <trkpt lat="-36.426679" lon="144.22068"><ele>112.25</ele></trkpt>
   <trkpt lat="-36.429016" lon="144.220233"><ele>114</ele></trkpt>
   <trkpt lat="-36.429188" lon="144.220194"><ele>113.75</ele></trkpt>
   <trkpt lat="-36.429306" lon="144.220177"><ele>114</ele></trkpt>
   <trkpt lat="-36.429534" lon="144.220134"><ele>114</ele></trkpt>
   <trkpt lat="-36.431197" lon="144.219855"><ele>115.5</ele></trkpt>
   <trkpt lat="-36.433061" lon="144.219511"><ele>112.75</ele></trkpt>
   <trkpt lat="-36.433377" lon="144.219453"><ele>112.5</ele></trkpt>
   <trkpt lat="-36.435259" lon="144.219135"><ele>113.75</ele></trkpt>
   <trkpt lat="-36.437926" lon="144.218663"><ele>116.25</ele></trkpt>
   <trkpt lat="-36.439156" lon="144.218432"><ele>117.75</ele></trkpt>
   <trkpt lat="-36.446958" lon="144.217032"><ele>113</ele></trkpt>
   <trkpt lat="-36.458435" lon="144.214954"><ele>115</ele></trkpt>
   <trkpt lat="-36.462146" lon="144.214285"><ele>115.75</ele></trkpt>
   <trkpt lat="-36.467349" lon="144.21333"><ele>115</ele></trkpt>
   <trkpt lat="-36.473289" lon="144.21229"><ele>114.75</ele></trkpt>
   <trkpt lat="-36.473637" lon="144.212231"><ele>115</ele></trkpt>
   <trkpt lat="-36.474437" lon="144.212095"><ele>115.5</ele></trkpt>
   <trkpt lat="-36.476106" lon="144.211812"><ele>116</ele></trkpt>
   <trkpt lat="-36.480506" lon="144.211018"><ele>116.25</ele></trkpt>
   <trkpt lat="-36.483234" lon="144.210501"><ele>115.75</ele></trkpt>
   <trkpt lat="-36.487732" lon="144.209691"><ele>116</ele></trkpt>
   <trkpt lat="-36.490758" lon="144.209165"><ele>117</ele></trkpt>
   <trkpt lat="-36.493024" lon="144.208744"><ele>116</ele></trkpt>
   <trkpt lat="-36.497675" lon="144.207902"><ele>117.25</ele></trkpt>
   <trkpt lat="-36.50158" lon="144.207212"><ele>118.25</ele></trkpt>
   <trkpt lat="-36.511286" lon="144.205457"><ele>123.25</ele></trkpt>
   <trkpt lat="-36.51571" lon="144.20464"><ele>120.75</ele></trkpt>
   <trkpt lat="-36.519999" lon="144.203889"><ele>121.25</ele></trkpt>
   <trkpt lat="-36.524179" lon="144.203117"><ele>123.5</ele></trkpt>
   <trkpt lat="-36.528278" lon="144.2024"><ele>127.5</ele></trkpt>
   <trkpt lat="-36.528739" lon="144.202301"><ele>127.5</ele></trkpt>
   <trkpt lat="-36.530048" lon="144.202111"><ele>128</ele></trkpt>
   <trkpt lat="-36.531187" lon="144.201927"><ele>128</ele></trkpt>
   <trkpt lat="-36.532102" lon="144.201746"><ele>129</ele></trkpt>
   <trkpt lat="-36.532828" lon="144.201639"><ele>130</ele></trkpt>
   <trkpt lat="-36.533204" lon="144.201584"><ele>130</ele></trkpt>
   <trkpt lat="-36.534192" lon="144.20139"><ele>131</ele></trkpt>
   <trkpt lat="-36.534851" lon="144.201261"><ele>131</ele></trkpt>
   <trkpt lat="-36.534996" lon="144.201237"><ele>131</ele></trkpt>
   <trkpt lat="-36.536112" lon="144.201014"><ele>133</ele></trkpt>
   <trkpt lat="-36.537979" lon="144.200657"><ele>136.75</ele></trkpt>
   <trkpt lat="-36.541369" lon="144.200051"><ele>135.75</ele></trkpt>
   <trkpt lat="-36.543069" lon="144.199734"><ele>132.5</ele></trkpt>
   <trkpt lat="-36.544582" lon="144.199461"><ele>132.75</ele></trkpt>
   <trkpt lat="-36.545512" lon="144.199303"><ele>132.5</ele></trkpt>
   <trkpt lat="-36.546924" lon="144.199222"><ele>132.25</ele></trkpt>
   <trkpt lat="-36.560039" lon="144.199231"><ele>149.5</ele></trkpt>
   <trkpt lat="-36.563437" lon="144.199235"><ele>149.5</ele></trkpt>
   <trkpt lat="-36.564629" lon="144.199238"><ele>148.75</ele></trkpt>
   <trkpt lat="-36.572848" lon="144.199254"><ele>145.75</ele></trkpt>
   <trkpt lat="-36.57456" lon="144.199247"><ele>144</ele></trkpt>
   <trkpt lat="-36.577822" lon="144.199257"><ele>145.75</ele></trkpt>
   <trkpt lat="-36.589062" lon="144.19926"><ele>147.75</ele></trkpt>
   <trkpt lat="-36.589268" lon="144.19926"><ele>148.5</ele></trkpt>
   <trkpt lat="-36.589597" lon="144.19926"><ele>150.5</ele></trkpt>
   <trkpt lat="-36.591474" lon="144.19926"><ele>152</ele></trkpt>
   <trkpt lat="-36.591667" lon="144.19926"><ele>151.75</ele></trkpt>
   <trkpt lat="-36.59455" lon="144.199273"><ele>149.75</ele></trkpt>
   <trkpt lat="-36.603659" lon="144.199278"><ele>164</ele></trkpt>
   <trkpt lat="-36.612955" lon="144.199284"><ele>159</ele></trkpt>
   <trkpt lat="-36.617586" lon="144.199276"><ele>156</ele></trkpt>
   <trkpt lat="-36.618109" lon="144.199281"><ele>157</ele></trkpt>
   <trkpt lat="-36.619541" lon="144.199289"><ele>155.5</ele></trkpt>
   <trkpt lat="-36.620534" lon="144.199362"><ele>155.25</ele></trkpt>
   <trkpt lat="-36.621244" lon="144.199471"><ele>155.25</ele></trkpt>
   <trkpt lat="-36.621838" lon="144.199587"><ele>153.75</ele></trkpt>
   <trkpt lat="-36.622443" lon="144.199742"><ele>152</ele></trkpt>
   <trkpt lat="-36.622964" lon="144.199919"><ele>152</ele></trkpt>
   <trkpt lat="-36.626694" lon="144.201242"><ele>153</ele></trkpt>
   <trkpt lat="-36.632052" lon="144.203154"><ele>160.25</ele></trkpt>
   <trkpt lat="-36.635442" lon="144.204375"><ele>160.25</ele></trkpt>
   <trkpt lat="-36.638993" lon="144.205643"><ele>157.5</ele></trkpt>
   <trkpt lat="-36.640599" lon="144.206225"><ele>156.25</ele></trkpt>
   <trkpt lat="-36.641236" lon="144.206429"><ele>156.5</ele></trkpt>
   <trkpt lat="-36.641731" lon="144.206561"><ele>156.75</ele></trkpt>
   <trkpt lat="-36.642241" lon="144.206654"><ele>156.25</ele></trkpt>
   <trkpt lat="-36.642872" lon="144.2067"><ele>157.25</ele></trkpt>
   <trkpt lat="-36.643077" lon="144.206694"><ele>158</ele></trkpt>
   <trkpt lat="-36.643154" lon="144.206692"><ele>158.25</ele></trkpt>
   <trkpt lat="-36.643414" lon="144.206684"><ele>159</ele></trkpt>
   <trkpt lat="-36.6439" lon="144.206628"><ele>159.5</ele></trkpt>
   <trkpt lat="-36.644404" lon="144.206531"><ele>159.25</ele></trkpt>
   <trkpt lat="-36.64483" lon="144.206416"><ele>158.5</ele></trkpt>
   <trkpt lat="-36.64509" lon="144.20632"><ele>158.25</ele></trkpt>
   <trkpt lat="-36.646955" lon="144.205639"><ele>158.5</ele></trkpt>
   <trkpt lat="-36.647068" lon="144.205598"><ele>158.75</ele></trkpt>
   <trkpt lat="-36.647117" lon="144.20558"><ele>159</ele></trkpt>
   <trkpt lat="-36.647993" lon="144.205278"><ele>158.5</ele></trkpt>
   <trkpt lat="-36.648755" lon="144.205056"><ele>159</ele></trkpt>
   <trkpt lat="-36.649513" lon="144.204871"><ele>159.75</ele></trkpt>
   <trkpt lat="-36.650104" lon="144.204772"><ele>160.25</ele></trkpt>
   <trkpt lat="-36.650246" lon="144.204758"><ele>160.25</ele></trkpt>
   <trkpt lat="-36.651071" lon="144.204686"><ele>160.5</ele></trkpt>
   <trkpt lat="-36.651949" lon="144.204672"><ele>160.5</ele></trkpt>
   <trkpt lat="-36.654006" lon="144.204675"><ele>158</ele></trkpt>
   <trkpt lat="-36.656166" lon="144.204662"><ele>158.5</ele></trkpt>
   <trkpt lat="-36.658101" lon="144.204664"><ele>159.75</ele></trkpt>
   <trkpt lat="-36.659824" lon="144.204664"><ele>160</ele></trkpt>
   <trkpt lat="-36.661573" lon="144.204654"><ele>158.25</ele></trkpt>
   <trkpt lat="-36.663316" lon="144.204656"><ele>162</ele></trkpt>
   <trkpt lat="-36.665896" lon="144.204645"><ele>161.75</ele></trkpt>
   <trkpt lat="-36.667791" lon="144.204656"><ele>161.5</ele></trkpt>
   <trkpt lat="-36.675783" lon="144.204651"><ele>164.75</ele></trkpt>
   <trkpt lat="-36.680714" lon="144.204637"><ele>170.5</ele></trkpt>
   <trkpt lat="-36.683807" lon="144.204644"><ele>174.75</ele></trkpt>
   <trkpt lat="-36.68397" lon="144.204635"><ele>174.5</ele></trkpt>
   <trkpt lat="-36.687294" lon="144.204621"><ele>173.75</ele></trkpt>
   <trkpt lat="-36.688307" lon="144.20467"><ele>176.5</ele></trkpt>
   <trkpt lat="-36.68918" lon="144.204825"><ele>173.25</ele></trkpt>
   <trkpt lat="-36.69006" lon="144.205088"><ele>173</ele></trkpt>
   <trkpt lat="-36.690843" lon="144.205429"><ele>174.75</ele></trkpt>
   <trkpt lat="-36.69167" lon="144.2059"><ele>176.75</ele></trkpt>
   <trkpt lat="-36.692245" lon="144.206314"><ele>176</ele></trkpt>
   <trkpt lat="-36.692972" lon="144.20692"><ele>177.75</ele></trkpt>
   <trkpt lat="-36.695411" lon="144.209034"><ele>182.75</ele></trkpt>
   <trkpt lat="-36.69649" lon="144.20998"><ele>187</ele></trkpt>
   <trkpt lat="-36.699708" lon="144.212756"><ele>191.25</ele></trkpt>
   <trkpt lat="-36.700484" lon="144.213438"><ele>191</ele></trkpt>
   <trkpt lat="-36.701718" lon="144.214532"><ele>190.25</ele></trkpt>
   <trkpt lat="-36.702541" lon="144.215275"><ele>191.5</ele></trkpt>
   <trkpt lat="-36.703091" lon="144.215742"><ele>191</ele></trkpt>
   <trkpt lat="-36.703554" lon="144.216172"><ele>190</ele></trkpt>
   <trkpt lat="-36.704741" lon="144.217319"><ele>189</ele></trkpt>
   <trkpt lat="-36.705703" lon="144.218285"><ele>190.5</ele></trkpt>
   <trkpt lat="-36.706909" lon="144.219474"><ele>190.75</ele></trkpt>
   <trkpt lat="-36.707765" lon="144.220334"><ele>190.5</ele></trkpt>
   <trkpt lat="-36.711026" lon="144.223535"><ele>198.25</ele></trkpt>
   <trkpt lat="-36.713292" lon="144.225722"><ele>201.25</ele></trkpt>
   <trkpt lat="-36.713523" lon="144.225977"><ele>202.25</ele></trkpt>
   <trkpt lat="-36.713722" lon="144.226221"><ele>202.5</ele></trkpt>
   <trkpt lat="-36.714003" lon="144.226601"><ele>202.75</ele></trkpt>
   <trkpt lat="-36.714146" lon="144.226814"><ele>202.75</ele></trkpt>
   <trkpt lat="-36.714305" lon="144.227071"><ele>203.75</ele></trkpt>
   <trkpt lat="-36.714453" lon="144.227333"><ele>204.5</ele></trkpt>
   <trkpt lat="-36.714618" lon="144.227646"><ele>205.5</ele></trkpt>
   <trkpt lat="-36.714759" lon="144.227944"><ele>206.5</ele></trkpt>
   <trkpt lat="-36.714872" lon="144.228215"><ele>207.75</ele></trkpt>
   <trkpt lat="-36.714979" lon="144.228494"><ele>208</ele></trkpt>
   <trkpt lat="-36.715063" lon="144.228737"><ele>207.5</ele></trkpt>
   <trkpt lat="-36.715145" lon="144.229006"><ele>207.5</ele></trkpt>
   <trkpt lat="-36.715215" lon="144.229267"><ele>207.75</ele></trkpt>
   <trkpt lat="-36.715314" lon="144.229737"><ele>207.75</ele></trkpt>
   <trkpt lat="-36.715383" lon="144.230176"><ele>207.5</ele></trkpt>
   <trkpt lat="-36.715547" lon="144.231601"><ele>209.5</ele></trkpt>
   <trkpt lat="-36.715594" lon="144.232121"><ele>210</ele></trkpt>
   <trkpt lat="-36.715609" lon="144.232399"><ele>210.25</ele></trkpt>
   <trkpt lat="-36.71563" lon="144.233115"><ele>210.75</ele></trkpt>
   <trkpt lat="-36.715873" lon="144.241226"><ele>223.25</ele></trkpt>
   <trkpt lat="-36.715895" lon="144.241778"><ele>224.5</ele></trkpt>
   <trkpt lat="-36.715927" lon="144.242149"><ele>226.5</ele></trkpt>
   <trkpt lat="-36.715964" lon="144.242435"><ele>228</ele></trkpt>
   <trkpt lat="-36.715989" lon="144.24259"><ele>228.5</ele></trkpt>
   <trkpt lat="-36.716073" lon="144.243012"><ele>229</ele></trkpt>
   <trkpt lat="-36.716158" lon="144.243351"><ele>229.5</ele></trkpt>
   <trkpt lat="-36.716195" lon="144.243472"><ele>229.5</ele></trkpt>
   <trkpt lat="-36.716307" lon="144.243793"><ele>229.5</ele></trkpt>
   <trkpt lat="-36.716392" lon="144.244007"><ele>229.25</ele></trkpt>
   <trkpt lat="-36.71663" lon="144.24452"><ele>229</ele></trkpt>
   <trkpt lat="-36.717722" lon="144.246867"><ele>230.5</ele></trkpt>
   <trkpt lat="-36.71819" lon="144.247812"><ele>228.25</ele></trkpt>
   <trkpt lat="-36.718465" lon="144.248335"><ele>227</ele></trkpt>
   <trkpt lat="-36.718798" lon="144.248943"><ele>226.75</ele></trkpt>
   <trkpt lat="-36.719017" lon="144.249329"><ele>226.75</ele></trkpt>
   <trkpt lat="-36.71926" lon="144.249747"><ele>227</ele></trkpt>
   <trkpt lat="-36.719435" lon="144.250044"><ele>227.25</ele></trkpt>
   <trkpt lat="-36.71961" lon="144.250335"><ele>227.25</ele></trkpt>
   <trkpt lat="-36.720635" lon="144.251945"><ele>228.25</ele></trkpt>
   <trkpt lat="-36.720707" lon="144.252057"><ele>228.5</ele></trkpt>
   <trkpt lat="-36.720785" lon="144.25218"><ele>229</ele></trkpt>
   <trkpt lat="-36.720944" lon="144.252423"><ele>230</ele></trkpt>
   <trkpt lat="-36.721557" lon="144.253306"><ele>234.5</ele></trkpt>
   <trkpt lat="-36.724344" lon="144.257232"><ele>240</ele></trkpt>
   <trkpt lat="-36.724648" lon="144.257673"><ele>237</ele></trkpt>
   <trkpt lat="-36.724741" lon="144.257817"><ele>236.25</ele></trkpt>
   <trkpt lat="-36.724916" lon="144.258126"><ele>235.25</ele></trkpt>
   <trkpt lat="-36.725166" lon="144.25862"><ele>234.5</ele></trkpt>
   <trkpt lat="-36.725478" lon="144.259238"><ele>235</ele></trkpt>
   <trkpt lat="-36.725751" lon="144.25974"><ele>235.75</ele></trkpt>
   <trkpt lat="-36.725939" lon="144.260056"><ele>236.25</ele></trkpt>
   <trkpt lat="-36.726105" lon="144.260316"><ele>236.75</ele></trkpt>
   <trkpt lat="-36.726483" lon="144.260855"><ele>237.5</ele></trkpt>
   <trkpt lat="-36.726809" lon="144.261272"><ele>238.25</ele></trkpt>
   <trkpt lat="-36.727134" lon="144.261645"><ele>239</ele></trkpt>
   <trkpt lat="-36.727269" lon="144.26179"><ele>239</ele></trkpt>
   <trkpt lat="-36.727699" lon="144.262214"><ele>238.25</ele></trkpt>
   <trkpt lat="-36.727944" lon="144.262431"><ele>237</ele></trkpt>
   <trkpt lat="-36.728261" lon="144.262695"><ele>235.75</ele></trkpt>
   <trkpt lat="-36.728342" lon="144.262758"><ele>235.5</ele></trkpt>
   <trkpt lat="-36.729331" lon="144.263482"><ele>233.5</ele></trkpt>
   <trkpt lat="-36.729888" lon="144.26388"><ele>232.75</ele></trkpt>
   <trkpt lat="-36.73009" lon="144.26399"><ele>232.75</ele></trkpt>
   <trkpt lat="-36.730214" lon="144.264069"><ele>233</ele></trkpt>
   <trkpt lat="-36.731701" lon="144.265143"><ele>234</ele></trkpt>
   <trkpt lat="-36.732021" lon="144.265418"><ele>234</ele></trkpt>
   <trkpt lat="-36.732689" lon="144.265904"><ele>233</ele></trkpt>
   <trkpt lat="-36.733123" lon="144.26628"><ele>232.5</ele></trkpt>
   <trkpt lat="-36.733462" lon="144.266618"><ele>231</ele></trkpt>
   <trkpt lat="-36.733773" lon="144.267007"><ele>230</ele></trkpt>
   <trkpt lat="-36.733939" lon="144.267241"><ele>229</ele></trkpt>
   <trkpt lat="-36.734147" lon="144.267567"><ele>227.25</ele></trkpt>
   <trkpt lat="-36.734304" lon="144.267838"><ele>227.5</ele></trkpt>
   <trkpt lat="-36.734445" lon="144.268107"><ele>227.5</ele></trkpt>
   <trkpt lat="-36.734557" lon="144.268343"><ele>227.5</ele></trkpt>
   <trkpt lat="-36.734651" lon="144.268563"><ele>226.5</ele></trkpt>
   <trkpt lat="-36.734723" lon="144.268749"><ele>225.75</ele></trkpt>
   <trkpt lat="-36.734757" lon="144.26884"><ele>225.25</ele></trkpt>
   <trkpt lat="-36.734822" lon="144.269024"><ele>224.5</ele></trkpt>
   <trkpt lat="-36.734957" lon="144.26947"><ele>222.5</ele></trkpt>
   <trkpt lat="-36.735002" lon="144.269648"><ele>221.75</ele></trkpt>
   <trkpt lat="-36.735121" lon="144.270192"><ele>221.25</ele></trkpt>
   <trkpt lat="-36.736486" lon="144.277627"><ele>218.5</ele></trkpt>
   <trkpt lat="-36.736506" lon="144.277735"><ele>218.25</ele></trkpt>
   <trkpt lat="-36.736912" lon="144.279935"><ele>213.25</ele></trkpt>
   <trkpt lat="-36.736936" lon="144.280073"><ele>213.25</ele></trkpt>
   <trkpt lat="-36.737057" lon="144.280723"><ele>213.75</ele></trkpt>
   <trkpt lat="-36.737174" lon="144.281355"><ele>214</ele></trkpt>
   <trkpt lat="-36.737885" lon="144.285223"><ele>220.5</ele></trkpt>
   <trkpt lat="-36.738119" lon="144.286465"><ele>220.75</ele></trkpt>
   <trkpt lat="-36.738171" lon="144.286713"><ele>221</ele></trkpt>
   <trkpt lat="-36.738277" lon="144.287155"><ele>220.5</ele></trkpt>
   <trkpt lat="-36.738415" lon="144.287632"><ele>219.75</ele></trkpt>
   <trkpt lat="-36.738478" lon="144.287825"><ele>219.5</ele></trkpt>
   <trkpt lat="-36.738617" lon="144.288213"><ele>219</ele></trkpt>
   <trkpt lat="-36.738825" lon="144.288716"><ele>219.75</ele></trkpt>
   <trkpt lat="-36.738982" lon="144.28905"><ele>220</ele></trkpt>
   <trkpt lat="-36.739068" lon="144.289219"><ele>220</ele></trkpt>
   <trkpt lat="-36.739155" lon="144.289385"><ele>220</ele></trkpt>
   <trkpt lat="-36.739333" lon="144.289697"><ele>219.5</ele></trkpt>
   <trkpt lat="-36.73961" lon="144.290131"><ele>217.75</ele></trkpt>
   <trkpt lat="-36.739897" lon="144.290534"><ele>215.75</ele></trkpt>
   <trkpt lat="-36.740192" lon="144.2909"><ele>214.5</ele></trkpt>
   <trkpt lat="-36.740374" lon="144.291105"><ele>213.75</ele></trkpt>
   <trkpt lat="-36.740572" lon="144.291313"><ele>212.5</ele></trkpt>
   <trkpt lat="-36.740638" lon="144.291381"><ele>212</ele></trkpt>
   <trkpt lat="-36.740728" lon="144.291469"><ele>211.25</ele></trkpt>
   <trkpt lat="-36.741012" lon="144.291729"><ele>209.5</ele></trkpt>
   <trkpt lat="-36.741395" lon="144.292044"><ele>208.75</ele></trkpt>
   <trkpt lat="-36.741614" lon="144.292208"><ele>208.5</ele></trkpt>
   <trkpt lat="-36.742006" lon="144.292478"><ele>208.25</ele></trkpt>
   <trkpt lat="-36.74224" lon="144.292632"><ele>208.5</ele></trkpt>
   <trkpt lat="-36.742545" lon="144.292809"><ele>209</ele></trkpt>
   <trkpt lat="-36.742863" lon="144.292977"><ele>209.75</ele></trkpt>
   <trkpt lat="-36.742944" lon="144.29302"><ele>209.75</ele></trkpt>
   <trkpt lat="-36.743003" lon="144.293047"><ele>210</ele></trkpt>
   <trkpt lat="-36.743389" lon="144.293211"><ele>210.5</ele></trkpt>
   <trkpt lat="-36.744019" lon="144.293441"><ele>212</ele></trkpt>
   <trkpt lat="-36.744428" lon="144.293563"><ele>212.75</ele></trkpt>
   <trkpt lat="-36.744701" lon="144.293626"><ele>213</ele></trkpt>
   <trkpt lat="-36.745029" lon="144.29369"><ele>213.5</ele></trkpt>
   <trkpt lat="-36.745602" lon="144.293766"><ele>213</ele></trkpt>
   <trkpt lat="-36.745832" lon="144.293783"><ele>213</ele></trkpt>
   <trkpt lat="-36.746056" lon="144.293794"><ele>213.25</ele></trkpt>
   <trkpt lat="-36.746554" lon="144.293791"><ele>214.25</ele></trkpt>
   <trkpt lat="-36.746851" lon="144.293773"><ele>214.25</ele></trkpt>
   <trkpt lat="-36.7473" lon="144.293724"><ele>213.5</ele></trkpt>
   <trkpt lat="-36.74787" lon="144.293617"><ele>213.75</ele></trkpt>
   <trkpt lat="-36.748243" lon="144.293525"><ele>214</ele></trkpt>
   <trkpt lat="-36.748554" lon="144.293428"><ele>215</ele></trkpt>
   <trkpt lat="-36.749039" lon="144.293254"><ele>217</ele></trkpt>
   <trkpt lat="-36.749531" lon="144.293036"><ele>216.5</ele></trkpt>
   <trkpt lat="-36.750376" lon="144.29257"><ele>216</ele></trkpt>
   <trkpt lat="-36.750767" lon="144.292349"><ele>216.5</ele></trkpt>
   <trkpt lat="-36.750869" lon="144.292291"><ele>216.75</ele></trkpt>
   <trkpt lat="-36.750973" lon="144.292234"><ele>217</ele></trkpt>
   <trkpt lat="-36.751651" lon="144.291864"><ele>218</ele></trkpt>
   <trkpt lat="-36.752133" lon="144.291632"><ele>217.25</ele></trkpt>
   <trkpt lat="-36.752584" lon="144.29145"><ele>217</ele></trkpt>
   <trkpt lat="-36.753174" lon="144.291234"><ele>218.25</ele></trkpt>
   <trkpt lat="-36.753887" lon="144.291011"><ele>217.75</ele></trkpt>
   <trkpt lat="-36.754028" lon="144.290966"><ele>217.5</ele></trkpt>
   <trkpt lat="-36.755843" lon="144.2904"><ele>217.25</ele></trkpt>
   <trkpt lat="-36.756689" lon="144.290129"><ele>219</ele></trkpt>
   <trkpt lat="-36.757585" lon="144.289856"><ele>220</ele></trkpt>
   <trkpt lat="-36.757693" lon="144.289822"><ele>220</ele></trkpt>
   <trkpt lat="-36.757822" lon="144.289782"><ele>220</ele></trkpt>
   <trkpt lat="-36.757974" lon="144.289735"><ele>220</ele></trkpt>
   <trkpt lat="-36.758108" lon="144.289693"><ele>220</ele></trkpt>
   <trkpt lat="-36.758159" lon="144.289677"><ele>220</ele></trkpt>
   <trkpt lat="-36.759096" lon="144.289376"><ele>218.75</ele></trkpt>
   <trkpt lat="-36.759308" lon="144.289301"><ele>219</ele></trkpt>
   <trkpt lat="-36.75972" lon="144.289137"><ele>220.25</ele></trkpt>
   <trkpt lat="-36.760073" lon="144.288971"><ele>222.25</ele></trkpt>
   <trkpt lat="-36.760551" lon="144.288705"><ele>224.25</ele></trkpt>
   <trkpt lat="-36.760835" lon="144.288522"><ele>225.5</ele></trkpt>
   <trkpt lat="-36.76135" lon="144.288149"><ele>226.5</ele></trkpt>
   <trkpt lat="-36.761702" lon="144.287863"><ele>227</ele></trkpt>
   <trkpt lat="-36.761769" lon="144.287804"><ele>227.25</ele></trkpt>
   <trkpt lat="-36.761844" lon="144.287737"><ele>227.5</ele></trkpt>
   <trkpt lat="-36.762047" lon="144.287542"><ele>228.25</ele></trkpt>
   <trkpt lat="-36.762306" lon="144.287276"><ele>229</ele></trkpt>
   <trkpt lat="-36.762469" lon="144.287097"><ele>229.75</ele></trkpt>
   <trkpt lat="-36.762661" lon="144.286871"><ele>231</ele></trkpt>
   <trkpt lat="-36.763036" lon="144.286385"><ele>232</ele></trkpt>
   <trkpt lat="-36.763406" lon="144.285881"><ele>231.75</ele></trkpt>
   <trkpt lat="-36.763494" lon="144.285762"><ele>231.75</ele></trkpt>
   <trkpt lat="-36.763556" lon="144.285678"><ele>231.75</ele></trkpt>
   <trkpt lat="-36.763784" lon="144.285366"><ele>232</ele></trkpt>
   <trkpt lat="-36.764686" lon="144.284129"><ele>234</ele></trkpt>
   <trkpt lat="-36.764799" lon="144.283972"><ele>234.25</ele></trkpt>
   <trkpt lat="-36.765504" lon="144.283008"><ele>234</ele></trkpt>
   <trkpt lat="-36.765513" lon="144.282996"><ele>234</ele></trkpt>
   <trkpt lat="-36.765531" lon="144.282971"><ele>234</ele></trkpt>
   <trkpt lat="-36.76595" lon="144.282392"><ele>233.75</ele></trkpt>
   <trkpt lat="-36.766141" lon="144.282088"><ele>233.5</ele></trkpt>
   <trkpt lat="-36.766284" lon="144.281832"><ele>233.25</ele></trkpt>
   <trkpt lat="-36.766468" lon="144.281488"><ele>233</ele></trkpt>
   <trkpt lat="-36.766648" lon="144.281148"><ele>232.25</ele></trkpt>
   <trkpt lat="-36.76677" lon="144.280915"><ele>232.5</ele></trkpt>
   <trkpt lat="-36.766861" lon="144.280707"><ele>232.75</ele></trkpt>
   <trkpt lat="-36.766966" lon="144.280417"><ele>233.25</ele></trkpt>
   <trkpt lat="-36.767092" lon="144.280065"><ele>233.5</ele></trkpt>
   <trkpt lat="-36.767201" lon="144.279822"><ele>233.5</ele></trkpt>
   <trkpt lat="-36.767261" lon="144.279653"><ele>233.25</ele></trkpt>
   <trkpt lat="-36.767816" lon="144.277594"><ele>234.75</ele></trkpt>
   <trkpt lat="-36.768056" lon="144.276732"><ele>234.25</ele></trkpt>
   <trkpt lat="-36.768363" lon="144.275595"><ele>232</ele></trkpt>
   <trkpt lat="-36.768917" lon="144.273522"><ele>232.75</ele></trkpt>
   <trkpt lat="-36.769186" lon="144.272543"><ele>234</ele></trkpt>
   <trkpt lat="-36.769736" lon="144.270491"><ele>233</ele></trkpt>
   <trkpt lat="-36.769806" lon="144.270251"><ele>232.75</ele></trkpt>
   <trkpt lat="-36.769919" lon="144.269968"><ele>232.75</ele></trkpt>
   <trkpt lat="-36.769993" lon="144.269784"><ele>233</ele></trkpt>
   <trkpt lat="-36.770075" lon="144.269556"><ele>233.75</ele></trkpt>
   <trkpt lat="-36.770222" lon="144.269031"><ele>234.75</ele></trkpt>
   <trkpt lat="-36.77028" lon="144.268871"><ele>234.75</ele></trkpt>
   <trkpt lat="-36.770399" lon="144.268591"><ele>234.75</ele></trkpt>
   <trkpt lat="-36.770557" lon="144.268135"><ele>234.5</ele></trkpt>
   <trkpt lat="-36.770768" lon="144.267575"><ele>234</ele></trkpt>
   <trkpt lat="-36.770858" lon="144.267366"><ele>234</ele></trkpt>
   <trkpt lat="-36.77112" lon="144.266805"><ele>234.5</ele></trkpt>
   <trkpt lat="-36.771667" lon="144.265755"><ele>233.75</ele></trkpt>
   <trkpt lat="-36.771955" lon="144.265124"><ele>233.5</ele></trkpt>
   <trkpt lat="-36.772866" lon="144.263174"><ele>234.5</ele></trkpt>
   <trkpt lat="-36.772982" lon="144.262926"><ele>235</ele></trkpt>
   <trkpt lat="-36.773549" lon="144.261727"><ele>237</ele></trkpt>
   <trkpt lat="-36.773835" lon="144.261112"><ele>237.5</ele></trkpt>
   <trkpt lat="-36.774043" lon="144.260648"><ele>237.75</ele></trkpt>
   <trkpt lat="-36.774233" lon="144.260247"><ele>238</ele></trkpt>
   <trkpt lat="-36.774426" lon="144.259862"><ele>238.5</ele></trkpt>
   <trkpt lat="-36.774902" lon="144.259002"><ele>240</ele></trkpt>
   <trkpt lat="-36.775201" lon="144.258526"><ele>242</ele></trkpt>
   <trkpt lat="-36.7754" lon="144.25823"><ele>242.75</ele></trkpt>
   <trkpt lat="-36.775617" lon="144.257922"><ele>243</ele></trkpt>
   <trkpt lat="-36.776167" lon="144.257172"><ele>245</ele></trkpt>
   <trkpt lat="-36.776437" lon="144.256814"><ele>245.5</ele></trkpt>
   <trkpt lat="-36.776728" lon="144.256464"><ele>245.75</ele></trkpt>
   <trkpt lat="-36.777332" lon="144.255792"><ele>245.25</ele></trkpt>
   <trkpt lat="-36.777919" lon="144.255242"><ele>244.25</ele></trkpt>
   <trkpt lat="-36.778217" lon="144.254982"><ele>243.75</ele></trkpt>
   <trkpt lat="-36.778704" lon="144.25458"><ele>244.5</ele></trkpt>
   <trkpt lat="-36.779249" lon="144.254169"><ele>246</ele></trkpt>
   <trkpt lat="-36.779577" lon="144.253937"><ele>246.25</ele></trkpt>
   <trkpt lat="-36.779926" lon="144.253707"><ele>247</ele></trkpt>
   <trkpt lat="-36.780272" lon="144.25349"><ele>247.25</ele></trkpt>
   <trkpt lat="-36.78045" lon="144.253388"><ele>247</ele></trkpt>
   <trkpt lat="-36.780559" lon="144.253322"><ele>246.75</ele></trkpt>
   <trkpt lat="-36.780859" lon="144.253157"><ele>246.25</ele></trkpt>
   <trkpt lat="-36.781176" lon="144.252996"><ele>246.25</ele></trkpt>
   <trkpt lat="-36.781223" lon="144.252972"><ele>246.25</ele></trkpt>
   <trkpt lat="-36.781533" lon="144.252821"><ele>246.5</ele></trkpt>
   <trkpt lat="-36.782139" lon="144.252564"><ele>247.5</ele></trkpt>
   <trkpt lat="-36.782339" lon="144.252484"><ele>247.75</ele></trkpt>
   <trkpt lat="-36.782651" lon="144.252372"><ele>248.25</ele></trkpt>
   <trkpt lat="-36.782973" lon="144.252265"><ele>248.75</ele></trkpt>
   <trkpt lat="-36.783573" lon="144.25209"><ele>250</ele></trkpt>
   <trkpt lat="-36.784337" lon="144.251881"><ele>251.5</ele></trkpt>
   <trkpt lat="-36.790379" lon="144.250243"><ele>258</ele></trkpt>
   <trkpt lat="-36.795629" lon="144.248823"><ele>260.25</ele></trkpt>
   <trkpt lat="-36.796788" lon="144.24851"><ele>261.25</ele></trkpt>
   <trkpt lat="-36.797487" lon="144.248336"><ele>260</ele></trkpt>
   <trkpt lat="-36.797982" lon="144.248202"><ele>259</ele></trkpt>
   <trkpt lat="-36.79812" lon="144.248161"><ele>258.75</ele></trkpt>
   <trkpt lat="-36.798578" lon="144.247999"><ele>258.75</ele></trkpt>
   <trkpt lat="-36.799005" lon="144.247865"><ele>259</ele></trkpt>
   <trkpt lat="-36.799812" lon="144.247646"><ele>259.5</ele></trkpt>
   <trkpt lat="-36.800043" lon="144.247584"><ele>259.75</ele></trkpt>
   <trkpt lat="-36.800893" lon="144.247355"><ele>260.25</ele></trkpt>
   <trkpt lat="-36.801127" lon="144.247293"><ele>260.25</ele></trkpt>
   <trkpt lat="-36.802428" lon="144.246944"><ele>262.5</ele></trkpt>
   <trkpt lat="-36.804134" lon="144.246481"><ele>266.5</ele></trkpt>
   <trkpt lat="-36.807841" lon="144.245472"><ele>277.75</ele></trkpt>
   <trkpt lat="-36.80915" lon="144.245124"><ele>278.25</ele></trkpt>
   <trkpt lat="-36.809636" lon="144.245007"><ele>279.5</ele></trkpt>
   <trkpt lat="-36.810014" lon="144.24493"><ele>280.5</ele></trkpt>
   <trkpt lat="-36.810481" lon="144.24485"><ele>281</ele></trkpt>
   <trkpt lat="-36.811001" lon="144.244785"><ele>282</ele></trkpt>
   <trkpt lat="-36.811516" lon="144.244742"><ele>283.75</ele></trkpt>
   <trkpt lat="-36.811806" lon="144.244729"><ele>284.5</ele></trkpt>
   <trkpt lat="-36.812111" lon="144.244724"><ele>285</ele></trkpt>
   <trkpt lat="-36.81243" lon="144.244729"><ele>285.5</ele></trkpt>
   <trkpt lat="-36.812902" lon="144.244746"><ele>285.25</ele></trkpt>
   <trkpt lat="-36.813414" lon="144.244789"><ele>285</ele></trkpt>
   <trkpt lat="-36.813778" lon="144.244834"><ele>285.25</ele></trkpt>
   <trkpt lat="-36.814184" lon="144.244896"><ele>285</ele></trkpt>
   <trkpt lat="-36.814685" lon="144.244996"><ele>286</ele></trkpt>
   <trkpt lat="-36.814916" lon="144.245051"><ele>286.75</ele></trkpt>
   <trkpt lat="-36.815717" lon="144.24527"><ele>290.75</ele></trkpt>
   <trkpt lat="-36.815933" lon="144.24534"><ele>291.5</ele></trkpt>
   <trkpt lat="-36.816329" lon="144.245482"><ele>293</ele></trkpt>
   <trkpt lat="-36.816991" lon="144.245732"><ele>294.75</ele></trkpt>
   <trkpt lat="-36.822156" lon="144.247748"><ele>305.25</ele></trkpt>
   <trkpt lat="-36.822575" lon="144.247903"><ele>306.25</ele></trkpt>
   <trkpt lat="-36.822915" lon="144.248018"><ele>306.5</ele></trkpt>
   <trkpt lat="-36.823244" lon="144.248118"><ele>306.75</ele></trkpt>
   <trkpt lat="-36.823832" lon="144.248263"><ele>306</ele></trkpt>
   <trkpt lat="-36.8241" lon="144.248313"><ele>306</ele></trkpt>
   <trkpt lat="-36.824635" lon="144.248384"><ele>305.5</ele></trkpt>
   <trkpt lat="-36.825057" lon="144.24842"><ele>305.25</ele></trkpt>
   <trkpt lat="-36.825712" lon="144.248436"><ele>307.5</ele></trkpt>
   <trkpt lat="-36.826239" lon="144.248412"><ele>310.25</ele></trkpt>
   <trkpt lat="-36.826624" lon="144.248372"><ele>312.5</ele></trkpt>
   <trkpt lat="-36.82706" lon="144.248305"><ele>312.5</ele></trkpt>
   <trkpt lat="-36.827384" lon="144.248223"><ele>312.75</ele></trkpt>
   <trkpt lat="-36.82797" lon="144.248062"><ele>313.5</ele></trkpt>
   <trkpt lat="-36.828772" lon="144.247793"><ele>312.25</ele></trkpt>
   <trkpt lat="-36.829909" lon="144.24727"><ele>307</ele></trkpt>
   <trkpt lat="-36.831851" lon="144.246082"><ele>308.5</ele></trkpt>
   <trkpt lat="-36.833781" lon="144.244969"><ele>313.25</ele></trkpt>
   <trkpt lat="-36.835117" lon="144.244339"><ele>314.75</ele></trkpt>
   <trkpt lat="-36.836201" lon="144.243986"><ele>314</ele></trkpt>
   <trkpt lat="-36.838101" lon="144.243393"><ele>315.5</ele></trkpt>
   <trkpt lat="-36.839348" lon="144.242948"><ele>319.25</ele></trkpt>
   <trkpt lat="-36.840402" lon="144.242428"><ele>316.5</ele></trkpt>
   <trkpt lat="-36.841233" lon="144.241872"><ele>315.75</ele></trkpt>
   <trkpt lat="-36.841946" lon="144.241315"><ele>317.5</ele></trkpt>
   <trkpt lat="-36.842851" lon="144.240425"><ele>322.5</ele></trkpt>
   <trkpt lat="-36.845519" lon="144.23716"><ele>336.75</ele></trkpt>
   <trkpt lat="-36.84717" lon="144.235192"><ele>345</ele></trkpt>
   <trkpt lat="-36.847843" lon="144.234479"><ele>347.75</ele></trkpt>
   <trkpt lat="-36.848508" lon="144.233878"><ele>348.5</ele></trkpt>
   <trkpt lat="-36.849198" lon="144.233374"><ele>348.25</ele></trkpt>
   <trkpt lat="-36.849698" lon="144.233021"><ele>354.25</ele></trkpt>
   <trkpt lat="-36.850721" lon="144.232471"><ele>358.75</ele></trkpt>
   <trkpt lat="-36.851579" lon="144.232106"><ele>373.25</ele></trkpt>
   <trkpt lat="-36.854941" lon="144.230705"><ele>360.5</ele></trkpt>
   <trkpt lat="-36.855302" lon="144.230557"><ele>356.75</ele></trkpt>
   <trkpt lat="-36.856279" lon="144.230224"><ele>348.5</ele></trkpt>
   <trkpt lat="-36.856803" lon="144.23009"><ele>344.5</ele></trkpt>
   <trkpt lat="-36.857246" lon="144.229994"><ele>340.75</ele></trkpt>
   <trkpt lat="-36.857737" lon="144.229935"><ele>337</ele></trkpt>
   <trkpt lat="-36.858026" lon="144.22989"><ele>335</ele></trkpt>
   <trkpt lat="-36.858391" lon="144.229858"><ele>332.75</ele></trkpt>
   <trkpt lat="-36.859689" lon="144.229893"><ele>332.25</ele></trkpt>
   <trkpt lat="-36.860145" lon="144.229945"><ele>332.5</ele></trkpt>
   <trkpt lat="-36.860657" lon="144.23003"><ele>332</ele></trkpt>
   <trkpt lat="-36.861248" lon="144.230153"><ele>330.5</ele></trkpt>
   <trkpt lat="-36.862474" lon="144.230431"><ele>324.5</ele></trkpt>
   <trkpt lat="-36.863459" lon="144.230564"><ele>323.5</ele></trkpt>
   <trkpt lat="-36.864028" lon="144.23059"><ele>323</ele></trkpt>
   <trkpt lat="-36.865016" lon="144.230597"><ele>323.25</ele></trkpt>
   <trkpt lat="-36.86549" lon="144.230557"><ele>322.25</ele></trkpt>
   <trkpt lat="-36.86598" lon="144.230476"><ele>321.5</ele></trkpt>
   <trkpt lat="-36.866579" lon="144.230364"><ele>322</ele></trkpt>
   <trkpt lat="-36.868769" lon="144.229774"><ele>312</ele></trkpt>
   <trkpt lat="-36.870244" lon="144.22932"><ele>311.75</ele></trkpt>
   <trkpt lat="-36.871075" lon="144.229106"><ele>311.5</ele></trkpt>
   <trkpt lat="-36.87369" lon="144.228376"><ele>301.5</ele></trkpt>
   <trkpt lat="-36.877593" lon="144.227222"><ele>303</ele></trkpt>
   <trkpt lat="-36.878658" lon="144.226942"><ele>302</ele></trkpt>
   <trkpt lat="-36.879705" lon="144.226704"><ele>303.75</ele></trkpt>
   <trkpt lat="-36.880265" lon="144.226608"><ele>304.5</ele></trkpt>
   <trkpt lat="-36.88103" lon="144.226545"><ele>303.75</ele></trkpt>
   <trkpt lat="-36.881644" lon="144.226518"><ele>304.25</ele></trkpt>
   <trkpt lat="-36.882312" lon="144.226558"><ele>304.25</ele></trkpt>
   <trkpt lat="-36.883436" lon="144.226607"><ele>302</ele></trkpt>
   <trkpt lat="-36.884057" lon="144.226598"><ele>303</ele></trkpt>
   <trkpt lat="-36.884633" lon="144.226563"><ele>304.75</ele></trkpt>
   <trkpt lat="-36.885057" lon="144.226515"><ele>306.25</ele></trkpt>
   <trkpt lat="-36.885481" lon="144.226446"><ele>306</ele></trkpt>
   <trkpt lat="-36.885958" lon="144.226338"><ele>305</ele></trkpt>
   <trkpt lat="-36.886582" lon="144.226155"><ele>301.75</ele></trkpt>
   <trkpt lat="-36.886925" lon="144.226034"><ele>301.5</ele></trkpt>
   <trkpt lat="-36.887695" lon="144.225723"><ele>300.25</ele></trkpt>
   <trkpt lat="-36.889636" lon="144.224913"><ele>298</ele></trkpt>
   <trkpt lat="-36.891372" lon="144.2242"><ele>302.75</ele></trkpt>
   <trkpt lat="-36.891962" lon="144.223988"><ele>304.5</ele></trkpt>
   <trkpt lat="-36.892472" lon="144.22383"><ele>304.5</ele></trkpt>
   <trkpt lat="-36.89303" lon="144.223685"><ele>302</ele></trkpt>
   <trkpt lat="-36.893652" lon="144.223564"><ele>300.25</ele></trkpt>
   <trkpt lat="-36.894253" lon="144.223476"><ele>300.25</ele></trkpt>
   <trkpt lat="-36.894783" lon="144.223425"><ele>300.75</ele></trkpt>
   <trkpt lat="-36.895452" lon="144.223392"><ele>300.5</ele></trkpt>
   <trkpt lat="-36.896016" lon="144.223398"><ele>299.75</ele></trkpt>
   <trkpt lat="-36.896593" lon="144.223427"><ele>299.25</ele></trkpt>
   <trkpt lat="-36.900202" lon="144.22367"><ele>305</ele></trkpt>
   <trkpt lat="-36.900623" lon="144.223698"><ele>306.5</ele></trkpt>
   <trkpt lat="-36.90105" lon="144.223755"><ele>306.75</ele></trkpt>
   <trkpt lat="-36.901537" lon="144.22383"><ele>306</ele></trkpt>
   <trkpt lat="-36.901644" lon="144.223853"><ele>305.75</ele></trkpt>
   <trkpt lat="-36.902123" lon="144.223959"><ele>304.5</ele></trkpt>
   <trkpt lat="-36.902725" lon="144.224109"><ele>303.5</ele></trkpt>
   <trkpt lat="-36.903152" lon="144.22424"><ele>303.75</ele></trkpt>
   <trkpt lat="-36.903921" lon="144.224517"><ele>305</ele></trkpt>
   <trkpt lat="-36.905484" lon="144.225104"><ele>304.75</ele></trkpt>
   <trkpt lat="-36.907674" lon="144.22592"><ele>309</ele></trkpt>
   <trkpt lat="-36.908319" lon="144.226156"><ele>306</ele></trkpt>
   <trkpt lat="-36.908877" lon="144.226347"><ele>306.25</ele></trkpt>
   <trkpt lat="-36.909449" lon="144.226501"><ele>306</ele></trkpt>
   <trkpt lat="-36.91001" lon="144.226626"><ele>305.75</ele></trkpt>
   <trkpt lat="-36.910673" lon="144.226741"><ele>307.75</ele></trkpt>
   <trkpt lat="-36.911467" lon="144.226828"><ele>307</ele></trkpt>
   <trkpt lat="-36.912808" lon="144.22696"><ele>309.75</ele></trkpt>
   <trkpt lat="-36.918098" lon="144.22751"><ele>315.25</ele></trkpt>
   <trkpt lat="-36.919335" lon="144.227647"><ele>317</ele></trkpt>
   <trkpt lat="-36.920015" lon="144.227748"><ele>317.25</ele></trkpt>
   <trkpt lat="-36.920742" lon="144.227899"><ele>317.25</ele></trkpt>
   <trkpt lat="-36.925172" lon="144.228945"><ele>320.5</ele></trkpt>
   <trkpt lat="-36.926832" lon="144.229342"><ele>321</ele></trkpt>
   <trkpt lat="-36.92871" lon="144.229806"><ele>327.5</ele></trkpt>
   <trkpt lat="-36.9293" lon="144.229985"><ele>327.25</ele></trkpt>
   <trkpt lat="-36.929778" lon="144.230162"><ele>327.75</ele></trkpt>
   <trkpt lat="-36.930406" lon="144.230423"><ele>328.75</ele></trkpt>
   <trkpt lat="-36.930957" lon="144.230685"><ele>329.25</ele></trkpt>
   <trkpt lat="-36.931418" lon="144.230932"><ele>330.75</ele></trkpt>
   <trkpt lat="-36.931898" lon="144.231211"><ele>330.75</ele></trkpt>
   <trkpt lat="-36.932953" lon="144.2319"><ele>331.5</ele></trkpt>
   <trkpt lat="-36.933581" lon="144.23233"><ele>331.5</ele></trkpt>
   <trkpt lat="-36.935455" lon="144.233588"><ele>334.5</ele></trkpt>
   <trkpt lat="-36.936" lon="144.233925"><ele>335.5</ele></trkpt>
   <trkpt lat="-36.936373" lon="144.234135"><ele>335.75</ele></trkpt>
   <trkpt lat="-36.936776" lon="144.234349"><ele>336.5</ele></trkpt>
   <trkpt lat="-36.93731" lon="144.234601"><ele>338</ele></trkpt>
   <trkpt lat="-36.93776" lon="144.234795"><ele>339.5</ele></trkpt>
   <trkpt lat="-36.938259" lon="144.234982"><ele>343.25</ele></trkpt>
   <trkpt lat="-36.938937" lon="144.235194"><ele>343.25</ele></trkpt>
   <trkpt lat="-36.940399" lon="144.235584"><ele>344.5</ele></trkpt>
   <trkpt lat="-36.941057" lon="144.235776"><ele>346.25</ele></trkpt>
   <trkpt lat="-36.941565" lon="144.235945"><ele>348</ele></trkpt>
   <trkpt lat="-36.942129" lon="144.236168"><ele>347.5</ele></trkpt>
   <trkpt lat="-36.942562" lon="144.236361"><ele>347.25</ele></trkpt>
   <trkpt lat="-36.942993" lon="144.23657"><ele>347</ele></trkpt>
   <trkpt lat="-36.943441" lon="144.236814"><ele>348.5</ele></trkpt>
   <trkpt lat="-36.943934" lon="144.237104"><ele>350</ele></trkpt>
   <trkpt lat="-36.944599" lon="144.237533"><ele>349.5</ele></trkpt>
   <trkpt lat="-36.945486" lon="144.238131"><ele>347.75</ele></trkpt>
   <trkpt lat="-36.946378" lon="144.238745"><ele>347</ele></trkpt>
   <trkpt lat="-36.946959" lon="144.239121"><ele>348.25</ele></trkpt>
   <trkpt lat="-36.94746" lon="144.23941"><ele>351</ele></trkpt>
   <trkpt lat="-36.947868" lon="144.239631"><ele>352.5</ele></trkpt>
   <trkpt lat="-36.948365" lon="144.239869"><ele>355</ele></trkpt>
   <trkpt lat="-36.948834" lon="144.24007"><ele>355.75</ele></trkpt>
   <trkpt lat="-36.949276" lon="144.240242"><ele>356.5</ele></trkpt>
   <trkpt lat="-36.94987" lon="144.240438"><ele>357.75</ele></trkpt>
   <trkpt lat="-36.950429" lon="144.240596"><ele>359.25</ele></trkpt>
   <trkpt lat="-36.950918" lon="144.24072"><ele>360.75</ele></trkpt>
   <trkpt lat="-36.952216" lon="144.241025"><ele>361.75</ele></trkpt>
   <trkpt lat="-36.953751" lon="144.24143"><ele>365</ele></trkpt>
   <trkpt lat="-36.956681" lon="144.242178"><ele>374.5</ele></trkpt>
   <trkpt lat="-36.95749" lon="144.242346"><ele>371.75</ele></trkpt>
   <trkpt lat="-36.957961" lon="144.242409"><ele>371.25</ele></trkpt>
   <trkpt lat="-36.958289" lon="144.242444"><ele>370.75</ele></trkpt>
   <trkpt lat="-36.95862" lon="144.242465"><ele>372.5</ele></trkpt>
   <trkpt lat="-36.959638" lon="144.242497"><ele>376.5</ele></trkpt>
   <trkpt lat="-36.960781" lon="144.242531"><ele>379.75</ele></trkpt>
   <trkpt lat="-36.96124" lon="144.242568"><ele>382</ele></trkpt>
   <trkpt lat="-36.961581" lon="144.242611"><ele>384</ele></trkpt>
   <trkpt lat="-36.961931" lon="144.242671"><ele>385.25</ele></trkpt>
   <trkpt lat="-36.962268" lon="144.242741"><ele>386</ele></trkpt>
   <trkpt lat="-36.96263" lon="144.242834"><ele>386.75</ele></trkpt>
   <trkpt lat="-36.963038" lon="144.242958"><ele>388.75</ele></trkpt>
   <trkpt lat="-36.963374" lon="144.243075"><ele>390.25</ele></trkpt>
   <trkpt lat="-36.96373" lon="144.243215"><ele>390</ele></trkpt>
   <trkpt lat="-36.964191" lon="144.243426"><ele>390.75</ele></trkpt>
   <trkpt lat="-36.964566" lon="144.243618"><ele>393</ele></trkpt>
   <trkpt lat="-36.964936" lon="144.243832"><ele>395.25</ele></trkpt>
   <trkpt lat="-36.965626" lon="144.244279"><ele>399.25</ele></trkpt>
   <trkpt lat="-36.966991" lon="144.245286"><ele>392.75</ele></trkpt>
   <trkpt lat="-36.96851" lon="144.246387"><ele>388.25</ele></trkpt>
   <trkpt lat="-36.970385" lon="144.247727"><ele>383</ele></trkpt>
   <trkpt lat="-36.97177" lon="144.248773"><ele>382.75</ele></trkpt>
   <trkpt lat="-36.973498" lon="144.249997"><ele>380</ele></trkpt>
   <trkpt lat="-36.974601" lon="144.250817"><ele>382</ele></trkpt>
   <trkpt lat="-36.975311" lon="144.251327"><ele>384.75</ele></trkpt>
   <trkpt lat="-36.97644" lon="144.252084"><ele>382.5</ele></trkpt>
   <trkpt lat="-36.977744" lon="144.252683"><ele>382.25</ele></trkpt>
   <trkpt lat="-36.978802" lon="144.253061"><ele>376.75</ele></trkpt>
   <trkpt lat="-36.979874" lon="144.253313"><ele>372</ele></trkpt>
   <trkpt lat="-36.980514" lon="144.253427"><ele>372.75</ele></trkpt>
   <trkpt lat="-36.981003" lon="144.253572"><ele>372.75</ele></trkpt>
   <trkpt lat="-36.981526" lon="144.253761"><ele>372.5</ele></trkpt>
   <trkpt lat="-36.982637" lon="144.254254"><ele>372</ele></trkpt>
   <trkpt lat="-36.983558" lon="144.254694"><ele>371</ele></trkpt>
   <trkpt lat="-36.984102" lon="144.254925"><ele>369.5</ele></trkpt>
   <trkpt lat="-36.984745" lon="144.255134"><ele>370.5</ele></trkpt>
   <trkpt lat="-36.985272" lon="144.255268"><ele>370.25</ele></trkpt>
   <trkpt lat="-36.985924" lon="144.255391"><ele>369.25</ele></trkpt>
   <trkpt lat="-36.986378" lon="144.255434"><ele>367.75</ele></trkpt>
   <trkpt lat="-36.987166" lon="144.255477"><ele>364.75</ele></trkpt>
   <trkpt lat="-36.987779" lon="144.255461"><ele>361.75</ele></trkpt>
   <trkpt lat="-36.988529" lon="144.255359"><ele>358</ele></trkpt>
   <trkpt lat="-36.989172" lon="144.255236"><ele>356</ele></trkpt>
   <trkpt lat="-36.989913" lon="144.255053"><ele>354.5</ele></trkpt>
   <trkpt lat="-36.990586" lon="144.254903"><ele>356</ele></trkpt>
   <trkpt lat="-36.991447" lon="144.254839"><ele>356.5</ele></trkpt>
   <trkpt lat="-36.992114" lon="144.25475"><ele>354.5</ele></trkpt>
   <trkpt lat="-36.992806" lon="144.254762"><ele>353</ele></trkpt>
   <trkpt lat="-36.993254" lon="144.254793"><ele>352.75</ele></trkpt>
   <trkpt lat="-36.993755" lon="144.254855"><ele>350.75</ele></trkpt>
   <trkpt lat="-36.994387" lon="144.25497"><ele>347.25</ele></trkpt>
   <trkpt lat="-36.994768" lon="144.255059"><ele>345.5</ele></trkpt>
   <trkpt lat="-36.995818" lon="144.255322"><ele>340.75</ele></trkpt>
   <trkpt lat="-36.99621" lon="144.255407"><ele>339.25</ele></trkpt>
   <trkpt lat="-36.996554" lon="144.255469"><ele>337.75</ele></trkpt>
   <trkpt lat="-36.996901" lon="144.255519"><ele>337.25</ele></trkpt>
   <trkpt lat="-36.997358" lon="144.255525"><ele>336.5</ele></trkpt>
   <trkpt lat="-36.997826" lon="144.255546"><ele>334.5</ele></trkpt>
   <trkpt lat="-36.998573" lon="144.255532"><ele>330.5</ele></trkpt>
   <trkpt lat="-36.998943" lon="144.255496"><ele>329.75</ele></trkpt>
   <trkpt lat="-36.999399" lon="144.255429"><ele>330.75</ele></trkpt>
   <trkpt lat="-36.999712" lon="144.255389"><ele>332.75</ele></trkpt>
   <trkpt lat="-37.00032" lon="144.255236"><ele>335.25</ele></trkpt>
   <trkpt lat="-37.000832" lon="144.255078"><ele>336.25</ele></trkpt>
   <trkpt lat="-37.001074" lon="144.254986"><ele>335.75</ele></trkpt>
   <trkpt lat="-37.001447" lon="144.254836"><ele>335.25</ele></trkpt>
   <trkpt lat="-37.001781" lon="144.254683"><ele>335</ele></trkpt>
   <trkpt lat="-37.002494" lon="144.254292"><ele>335.25</ele></trkpt>
   <trkpt lat="-37.002779" lon="144.254107"><ele>336</ele></trkpt>
   <trkpt lat="-37.002987" lon="144.253972"><ele>336.75</ele></trkpt>
   <trkpt lat="-37.003272" lon="144.25377"><ele>338.25</ele></trkpt>
   <trkpt lat="-37.003568" lon="144.253545"><ele>339</ele></trkpt>
   <trkpt lat="-37.003987" lon="144.2532"><ele>339.5</ele></trkpt>
   <trkpt lat="-37.004615" lon="144.252631"><ele>340</ele></trkpt>
   <trkpt lat="-37.005314" lon="144.251981"><ele>341.25</ele></trkpt>
   <trkpt lat="-37.006009" lon="144.251321"><ele>343</ele></trkpt>
   <trkpt lat="-37.006539" lon="144.250779"><ele>338.5</ele></trkpt>
   <trkpt lat="-37.007062" lon="144.25026"><ele>336.5</ele></trkpt>
   <trkpt lat="-37.00731" lon="144.250038"><ele>335.75</ele></trkpt>
   <trkpt lat="-37.007612" lon="144.249768"><ele>334.75</ele></trkpt>
   <trkpt lat="-37.008159" lon="144.249364"><ele>334.75</ele></trkpt>
   <trkpt lat="-37.008634" lon="144.249045"><ele>333.5</ele></trkpt>
   <trkpt lat="-37.009805" lon="144.248341"><ele>329.25</ele></trkpt>
   <trkpt lat="-37.011351" lon="144.247206"><ele>328.25</ele></trkpt>
   <trkpt lat="-37.011498" lon="144.24707"><ele>328</ele></trkpt>
   <trkpt lat="-37.012183" lon="144.246407"><ele>328.75</ele></trkpt>
   <trkpt lat="-37.01278" lon="144.245764"><ele>329</ele></trkpt>
   <trkpt lat="-37.013485" lon="144.244929"><ele>330</ele></trkpt>
   <trkpt lat="-37.014259" lon="144.244142"><ele>327.75</ele></trkpt>
   <trkpt lat="-37.015079" lon="144.243404"><ele>328</ele></trkpt>
   <trkpt lat="-37.016098" lon="144.242598"><ele>325.25</ele></trkpt>
   <trkpt lat="-37.01899" lon="144.240415"><ele>321</ele></trkpt>
   <trkpt lat="-37.020001" lon="144.239695"><ele>323.25</ele></trkpt>
   <trkpt lat="-37.021904" lon="144.238583"><ele>321</ele></trkpt>
   <trkpt lat="-37.022644" lon="144.238198"><ele>317.25</ele></trkpt>
   <trkpt lat="-37.023606" lon="144.237838"><ele>315</ele></trkpt>
   <trkpt lat="-37.024542" lon="144.237443"><ele>312.25</ele></trkpt>
   <trkpt lat="-37.024766" lon="144.237363"><ele>312.25</ele></trkpt>
   <trkpt lat="-37.02792" lon="144.236229"><ele>316.75</ele></trkpt>
   <trkpt lat="-37.029154" lon="144.235588"><ele>316.5</ele></trkpt>
   <trkpt lat="-37.030221" lon="144.23488"><ele>311</ele></trkpt>
   <trkpt lat="-37.030881" lon="144.234377"><ele>310.75</ele></trkpt>
   <trkpt lat="-37.03189" lon="144.233487"><ele>310.5</ele></trkpt>
   <trkpt lat="-37.03439" lon="144.231082"><ele>310.25</ele></trkpt>
   <trkpt lat="-37.037007" lon="144.228613"><ele>308.75</ele></trkpt>
   <trkpt lat="-37.037733" lon="144.227953"><ele>309.75</ele></trkpt>
   <trkpt lat="-37.038226" lon="144.227578"><ele>310</ele></trkpt>
   <trkpt lat="-37.039459" lon="144.226862"><ele>306.75</ele></trkpt>
   <trkpt lat="-37.041186" lon="144.226015"><ele>304.75</ele></trkpt>
   <trkpt lat="-37.0422" lon="144.225346"><ele>306.5</ele></trkpt>
   <trkpt lat="-37.042805" lon="144.224857"><ele>307</ele></trkpt>
   <trkpt lat="-37.043467" lon="144.224206"><ele>301.75</ele></trkpt>
   <trkpt lat="-37.044922" lon="144.222602"><ele>302.25</ele></trkpt>
   <trkpt lat="-37.045453" lon="144.222088"><ele>301.5</ele></trkpt>
   <trkpt lat="-37.046" lon="144.22163"><ele>299</ele></trkpt>
   <trkpt lat="-37.047194" lon="144.220823"><ele>295.75</ele></trkpt>
   <trkpt lat="-37.047393" lon="144.220688"><ele>295.5</ele></trkpt>
   <trkpt lat="-37.04938" lon="144.219303"><ele>297.5</ele></trkpt>
   <trkpt lat="-37.051827" lon="144.217777"><ele>293.75</ele></trkpt>
   <trkpt lat="-37.05359" lon="144.21663"><ele>291.5</ele></trkpt>
   <trkpt lat="-37.054391" lon="144.216223"><ele>292.5</ele></trkpt>
   <trkpt lat="-37.054803" lon="144.216052"><ele>292.5</ele></trkpt>
   <trkpt lat="-37.055388" lon="144.215838"><ele>291.5</ele></trkpt>
   <trkpt lat="-37.055805" lon="144.215714"><ele>290.5</ele></trkpt>
   <trkpt lat="-37.055909" lon="144.215683"><ele>290</ele></trkpt>
   <trkpt lat="-37.055975" lon="144.215667"><ele>289.75</ele></trkpt>
   <trkpt lat="-37.056697" lon="144.215487"><ele>287</ele></trkpt>
   <trkpt lat="-37.057289" lon="144.21534"><ele>286</ele></trkpt>
   <trkpt lat="-37.06141" lon="144.214282"><ele>284.25</ele></trkpt>
   <trkpt lat="-37.061897" lon="144.214151"><ele>283.75</ele></trkpt>
   <trkpt lat="-37.062969" lon="144.213881"><ele>285</ele></trkpt>
   <trkpt lat="-37.063619" lon="144.213717"><ele>285.5</ele></trkpt>
   <trkpt lat="-37.063906" lon="144.213657"><ele>284.75</ele></trkpt>
   <trkpt lat="-37.064328" lon="144.213596"><ele>284</ele></trkpt>
   <trkpt lat="-37.06444" lon="144.213587"><ele>284</ele></trkpt>
   <trkpt lat="-37.065" lon="144.213548"><ele>284.75</ele></trkpt>
   <trkpt lat="-37.065254" lon="144.213559"><ele>284</ele></trkpt>
   <trkpt lat="-37.065555" lon="144.213594"><ele>283.75</ele></trkpt>
   <trkpt lat="-37.06591" lon="144.213652"><ele>283.5</ele></trkpt>
   <trkpt lat="-37.066324" lon="144.213731"><ele>283.75</ele></trkpt>
   <trkpt lat="-37.066626" lon="144.213809"><ele>283.75</ele></trkpt>
   <trkpt lat="-37.066893" lon="144.213896"><ele>283.25</ele></trkpt>
   <trkpt lat="-37.067133" lon="144.213989"><ele>283</ele></trkpt>
   <trkpt lat="-37.067571" lon="144.214189"><ele>281.75</ele></trkpt>
   <trkpt lat="-37.067989" lon="144.214397"><ele>281.75</ele></trkpt>
   <trkpt lat="-37.068406" lon="144.214658"><ele>282</ele></trkpt>
   <trkpt lat="-37.068592" lon="144.21479"><ele>282.5</ele></trkpt>
   <trkpt lat="-37.068981" lon="144.215069"><ele>283.5</ele></trkpt>
   <trkpt lat="-37.069335" lon="144.21537"><ele>284.75</ele></trkpt>
   <trkpt lat="-37.069498" lon="144.215512"><ele>285.5</ele></trkpt>
   <trkpt lat="-37.069936" lon="144.215957"><ele>288.5</ele></trkpt>
   <trkpt lat="-37.070199" lon="144.216237"><ele>289.75</ele></trkpt>
   <trkpt lat="-37.070485" lon="144.216593"><ele>291.25</ele></trkpt>
   <trkpt lat="-37.070704" lon="144.21689"><ele>291.75</ele></trkpt>
   <trkpt lat="-37.071237" lon="144.217752"><ele>293.5</ele></trkpt>
   <trkpt lat="-37.071694" lon="144.218689"><ele>295.5</ele></trkpt>
   <trkpt lat="-37.072187" lon="144.219861"><ele>297.75</ele></trkpt>
   <trkpt lat="-37.072857" lon="144.22231"><ele>295</ele></trkpt>
   <trkpt lat="-37.07383" lon="144.22579"><ele>308.25</ele></trkpt>
   <trkpt lat="-37.074363" lon="144.227851"><ele>304.75</ele></trkpt>
   <trkpt lat="-37.078001" lon="144.24158"><ele>315.75</ele></trkpt>
   <trkpt lat="-37.078203" lon="144.24227"><ele>318.25</ele></trkpt>
   <trkpt lat="-37.078434" lon="144.242956"><ele>321.5</ele></trkpt>
   <trkpt lat="-37.078689" lon="144.24364"><ele>324</ele></trkpt>
   <trkpt lat="-37.078972" lon="144.24433"><ele>324.25</ele></trkpt>
   <trkpt lat="-37.079282" lon="144.245019"><ele>325.75</ele></trkpt>
   <trkpt lat="-37.079624" lon="144.245704"><ele>325.75</ele></trkpt>
   <trkpt lat="-37.080002" lon="144.246388"><ele>324.25</ele></trkpt>
   <trkpt lat="-37.080399" lon="144.247069"><ele>322.25</ele></trkpt>
   <trkpt lat="-37.080823" lon="144.247767"><ele>322.5</ele></trkpt>
   <trkpt lat="-37.081253" lon="144.24845"><ele>325.75</ele></trkpt>
   <trkpt lat="-37.082508" lon="144.250509"><ele>326</ele></trkpt>
   <trkpt lat="-37.082905" lon="144.251196"><ele>328.5</ele></trkpt>
   <trkpt lat="-37.083263" lon="144.251885"><ele>328.25</ele></trkpt>
   <trkpt lat="-37.083596" lon="144.25257"><ele>328</ele></trkpt>
   <trkpt lat="-37.083896" lon="144.253257"><ele>327.75</ele></trkpt>
   <trkpt lat="-37.084143" lon="144.253869"><ele>328.75</ele></trkpt>
   <trkpt lat="-37.084231" lon="144.254101"><ele>328.75</ele></trkpt>
   <trkpt lat="-37.084425" lon="144.254626"><ele>326.75</ele></trkpt>
   <trkpt lat="-37.08466" lon="144.255311"><ele>325</ele></trkpt>
   <trkpt lat="-37.085031" lon="144.256497"><ele>330.75</ele></trkpt>
   <trkpt lat="-37.085101" lon="144.256736"><ele>332.25</ele></trkpt>
   <trkpt lat="-37.08528" lon="144.257377"><ele>337.5</ele></trkpt>
   <trkpt lat="-37.086006" lon="144.260163"><ele>343.25</ele></trkpt>
   <trkpt lat="-37.090085" lon="144.275917"><ele>366.25</ele></trkpt>
   <trkpt lat="-37.090256" lon="144.276607"><ele>364.75</ele></trkpt>
   <trkpt lat="-37.090461" lon="144.277287"><ele>368.75</ele></trkpt>
   <trkpt lat="-37.090701" lon="144.277972"><ele>371.75</ele></trkpt>
   <trkpt lat="-37.090959" lon="144.278659"><ele>373.75</ele></trkpt>
   <trkpt lat="-37.091247" lon="144.279349"><ele>375.5</ele></trkpt>
   <trkpt lat="-37.091563" lon="144.280031"><ele>377.25</ele></trkpt>
   <trkpt lat="-37.091922" lon="144.280723"><ele>380.75</ele></trkpt>
   <trkpt lat="-37.092311" lon="144.281404"><ele>381.75</ele></trkpt>
   <trkpt lat="-37.092737" lon="144.2821"><ele>382</ele></trkpt>
   <trkpt lat="-37.093205" lon="144.28278"><ele>382.5</ele></trkpt>
   <trkpt lat="-37.101089" lon="144.293051"><ele>405.75</ele></trkpt>
   <trkpt lat="-37.101602" lon="144.293737"><ele>409</ele></trkpt>
   <trkpt lat="-37.10207" lon="144.294423"><ele>412.25</ele></trkpt>
   <trkpt lat="-37.102499" lon="144.295114"><ele>412.25</ele></trkpt>
   <trkpt lat="-37.103595" lon="144.297089"><ele>412.5</ele></trkpt>
   <trkpt lat="-37.103643" lon="144.297173"><ele>412</ele></trkpt>
   <trkpt lat="-37.10398" lon="144.297856"><ele>411.75</ele></trkpt>
   <trkpt lat="-37.104277" lon="144.298545"><ele>416.25</ele></trkpt>
   <trkpt lat="-37.104534" lon="144.299228"><ele>419.25</ele></trkpt>
   <trkpt lat="-37.104759" lon="144.299921"><ele>421.75</ele></trkpt>
   <trkpt lat="-37.104955" lon="144.300601"><ele>425.5</ele></trkpt>
   <trkpt lat="-37.105115" lon="144.301293"><ele>429</ele></trkpt>
   <trkpt lat="-37.105242" lon="144.30198"><ele>432.75</ele></trkpt>
   <trkpt lat="-37.105344" lon="144.302664"><ele>437</ele></trkpt>
   <trkpt lat="-37.105421" lon="144.303348"><ele>439.5</ele></trkpt>
   <trkpt lat="-37.105461" lon="144.30404"><ele>443.5</ele></trkpt>
   <trkpt lat="-37.105486" lon="144.304726"><ele>446.5</ele></trkpt>
   <trkpt lat="-37.105482" lon="144.304939"><ele>446.5</ele></trkpt>
   <trkpt lat="-37.105456" lon="144.30542"><ele>447.25</ele></trkpt>
   <trkpt lat="-37.105399" lon="144.306108"><ele>448</ele></trkpt>
   <trkpt lat="-37.105336" lon="144.306792"><ele>448.75</ele></trkpt>
   <trkpt lat="-37.105252" lon="144.307481"><ele>449.5</ele></trkpt>
   <trkpt lat="-37.10513" lon="144.308168"><ele>450.5</ele></trkpt>
   <trkpt lat="-37.104982" lon="144.30885"><ele>451.25</ele></trkpt>
   <trkpt lat="-37.10489" lon="144.309195"><ele>451.75</ele></trkpt>
   <trkpt lat="-37.104791" lon="144.309546"><ele>451.75</ele></trkpt>
   <trkpt lat="-37.10457" lon="144.310225"><ele>450.5</ele></trkpt>
   <trkpt lat="-37.1043" lon="144.310915"><ele>448.5</ele></trkpt>
   <trkpt lat="-37.103738" lon="144.312283"><ele>444.5</ele></trkpt>
   <trkpt lat="-37.103459" lon="144.312977"><ele>439.75</ele></trkpt>
   <trkpt lat="-37.103226" lon="144.313657"><ele>439</ele></trkpt>
   <trkpt lat="-37.103014" lon="144.314346"><ele>439.75</ele></trkpt>
   <trkpt lat="-37.102825" lon="144.315037"><ele>438.75</ele></trkpt>
   <trkpt lat="-37.102665" lon="144.315722"><ele>437.75</ele></trkpt>
   <trkpt lat="-37.102527" lon="144.316407"><ele>436.25</ele></trkpt>
   <trkpt lat="-37.102415" lon="144.317093"><ele>435.25</ele></trkpt>
   <trkpt lat="-37.102312" lon="144.317775"><ele>434.25</ele></trkpt>
   <trkpt lat="-37.102244" lon="144.318468"><ele>432.75</ele></trkpt>
   <trkpt lat="-37.10219" lon="144.319151"><ele>431.75</ele></trkpt>
   <trkpt lat="-37.102162" lon="144.319843"><ele>431.5</ele></trkpt>
   <trkpt lat="-37.102155" lon="144.320525"><ele>431.75</ele></trkpt>
   <trkpt lat="-37.102166" lon="144.321214"><ele>432</ele></trkpt>
   <trkpt lat="-37.102397" lon="144.329497"><ele>418.75</ele></trkpt>
   <trkpt lat="-37.102417" lon="144.33083"><ele>417.25</ele></trkpt>
   <trkpt lat="-37.102438" lon="144.331231"><ele>418</ele></trkpt>
   <trkpt lat="-37.102475" lon="144.331734"><ele>418.75</ele></trkpt>
   <trkpt lat="-37.102585" lon="144.332606"><ele>419</ele></trkpt>
   <trkpt lat="-37.102631" lon="144.332874"><ele>419</ele></trkpt>
   <trkpt lat="-37.102755" lon="144.333514"><ele>419.5</ele></trkpt>
   <trkpt lat="-37.10284" lon="144.333869"><ele>420.5</ele></trkpt>
   <trkpt lat="-37.102937" lon="144.334254"><ele>421.25</ele></trkpt>
   <trkpt lat="-37.103096" lon="144.334764"><ele>421</ele></trkpt>
   <trkpt lat="-37.103289" lon="144.335283"><ele>419.75</ele></trkpt>
   <trkpt lat="-37.10358" lon="144.335963"><ele>417.75</ele></trkpt>
   <trkpt lat="-37.103738" lon="144.336311"><ele>417</ele></trkpt>
   <trkpt lat="-37.104769" lon="144.338377"><ele>416.75</ele></trkpt>
   <trkpt lat="-37.10546" lon="144.33975"><ele>417.75</ele></trkpt>
   <trkpt lat="-37.105944" lon="144.340676"><ele>417.25</ele></trkpt>
   <trkpt lat="-37.105974" lon="144.340728"><ele>417.5</ele></trkpt>
   <trkpt lat="-37.106205" lon="144.34113"><ele>417</ele></trkpt>
   <trkpt lat="-37.106535" lon="144.341642"><ele>416.25</ele></trkpt>
   <trkpt lat="-37.106868" lon="144.342117"><ele>417.5</ele></trkpt>
   <trkpt lat="-37.107145" lon="144.342496"><ele>418.75</ele></trkpt>
   <trkpt lat="-37.10746" lon="144.342875"><ele>418</ele></trkpt>
   <trkpt lat="-37.108119" lon="144.343577"><ele>413.75</ele></trkpt>
   <trkpt lat="-37.108494" lon="144.343928"><ele>413.5</ele></trkpt>
   <trkpt lat="-37.108818" lon="144.344209"><ele>412.75</ele></trkpt>
   <trkpt lat="-37.109252" lon="144.344556"><ele>413.25</ele></trkpt>
   <trkpt lat="-37.10964" lon="144.344844"><ele>414.5</ele></trkpt>
   <trkpt lat="-37.110083" lon="144.34513"><ele>414.75</ele></trkpt>
   <trkpt lat="-37.110531" lon="144.345391"><ele>415.75</ele></trkpt>
   <trkpt lat="-37.111076" lon="144.345666"><ele>414.25</ele></trkpt>
   <trkpt lat="-37.111624" lon="144.345897"><ele>413.25</ele></trkpt>
   <trkpt lat="-37.112171" lon="144.346096"><ele>416</ele></trkpt>
   <trkpt lat="-37.112719" lon="144.346262"><ele>417.25</ele></trkpt>
   <trkpt lat="-37.113266" lon="144.346384"><ele>417.25</ele></trkpt>
   <trkpt lat="-37.113815" lon="144.346473"><ele>416.25</ele></trkpt>
   <trkpt lat="-37.114909" lon="144.346616"><ele>414.25</ele></trkpt>
   <trkpt lat="-37.11546" lon="144.346681"><ele>412.75</ele></trkpt>
   <trkpt lat="-37.116005" lon="144.346758"><ele>411</ele></trkpt>
   <trkpt lat="-37.116555" lon="144.34685"><ele>409.25</ele></trkpt>
   <trkpt lat="-37.117097" lon="144.346968"><ele>408.5</ele></trkpt>
   <trkpt lat="-37.117646" lon="144.347119"><ele>408</ele></trkpt>
   <trkpt lat="-37.118195" lon="144.347301"><ele>408.75</ele></trkpt>
   <trkpt lat="-37.118744" lon="144.347504"><ele>409.25</ele></trkpt>
   <trkpt lat="-37.11984" lon="144.34799"><ele>406.75</ele></trkpt>
   <trkpt lat="-37.120385" lon="144.348277"><ele>405.75</ele></trkpt>
   <trkpt lat="-37.120931" lon="144.348621"><ele>406.5</ele></trkpt>
   <trkpt lat="-37.121478" lon="144.349004"><ele>409.5</ele></trkpt>
   <trkpt lat="-37.122076" lon="144.349442"><ele>411</ele></trkpt>
   <trkpt lat="-37.122124" lon="144.349477"><ele>411</ele></trkpt>
   <trkpt lat="-37.125078" lon="144.351642"><ele>417</ele></trkpt>
   <trkpt lat="-37.128308" lon="144.353998"><ele>412.75</ele></trkpt>
   <trkpt lat="-37.128743" lon="144.354303"><ele>412.5</ele></trkpt>
   <trkpt lat="-37.129152" lon="144.354578"><ele>413.75</ele></trkpt>
   <trkpt lat="-37.129472" lon="144.354762"><ele>413.5</ele></trkpt>
   <trkpt lat="-37.130085" lon="144.355058"><ele>410.75</ele></trkpt>
   <trkpt lat="-37.130566" lon="144.355278"><ele>411</ele></trkpt>
   <trkpt lat="-37.131007" lon="144.355466"><ele>410</ele></trkpt>
   <trkpt lat="-37.131522" lon="144.355648"><ele>408.25</ele></trkpt>
   <trkpt lat="-37.132594" lon="144.355968"><ele>408.25</ele></trkpt>
   <trkpt lat="-37.133195" lon="144.35613"><ele>411.5</ele></trkpt>
   <trkpt lat="-37.133579" lon="144.356212"><ele>412.75</ele></trkpt>
   <trkpt lat="-37.133883" lon="144.356256"><ele>413.25</ele></trkpt>
   <trkpt lat="-37.13533" lon="144.356363"><ele>410.75</ele></trkpt>
   <trkpt lat="-37.140327" lon="144.356687"><ele>398.5</ele></trkpt>
   <trkpt lat="-37.142583" lon="144.356867"><ele>398.75</ele></trkpt>
   <trkpt lat="-37.148008" lon="144.357353"><ele>422.75</ele></trkpt>
   <trkpt lat="-37.149116" lon="144.357439"><ele>422</ele></trkpt>
   <trkpt lat="-37.152136" lon="144.357637"><ele>424.25</ele></trkpt>
   <trkpt lat="-37.154863" lon="144.35789"><ele>429.5</ele></trkpt>
   <trkpt lat="-37.155726" lon="144.357983"><ele>435.5</ele></trkpt>
   <trkpt lat="-37.157328" lon="144.358149"><ele>441.75</ele></trkpt>
   <trkpt lat="-37.157953" lon="144.35819"><ele>442</ele></trkpt>
   <trkpt lat="-37.158661" lon="144.358251"><ele>443</ele></trkpt>
   <trkpt lat="-37.161435" lon="144.35842"><ele>449.25</ele></trkpt>
   <trkpt lat="-37.167451" lon="144.358876"><ele>448</ele></trkpt>
   <trkpt lat="-37.168546" lon="144.358969"><ele>448.5</ele></trkpt>
   <trkpt lat="-37.169091" lon="144.359036"><ele>449.5</ele></trkpt>
   <trkpt lat="-37.16964" lon="144.359129"><ele>450.25</ele></trkpt>
   <trkpt lat="-37.17019" lon="144.359246"><ele>451</ele></trkpt>
   <trkpt lat="-37.170734" lon="144.359402"><ele>452</ele></trkpt>
   <trkpt lat="-37.171282" lon="144.359588"><ele>452.75</ele></trkpt>
   <trkpt lat="-37.171827" lon="144.359785"><ele>452</ele></trkpt>
   <trkpt lat="-37.172376" lon="144.359999"><ele>447.75</ele></trkpt>
   <trkpt lat="-37.172922" lon="144.360251"><ele>446.75</ele></trkpt>
   <trkpt lat="-37.173468" lon="144.360563"><ele>448</ele></trkpt>
   <trkpt lat="-37.174016" lon="144.360906"><ele>449.25</ele></trkpt>
   <trkpt lat="-37.17869" lon="144.363906"><ele>453.25</ele></trkpt>
   <trkpt lat="-37.178738" lon="144.363937"><ele>453</ele></trkpt>
   <trkpt lat="-37.184406" lon="144.367575"><ele>460.75</ele></trkpt>
   <trkpt lat="-37.184679" lon="144.36776"><ele>460.25</ele></trkpt>
   <trkpt lat="-37.184957" lon="144.367961"><ele>459.75</ele></trkpt>
   <trkpt lat="-37.185235" lon="144.368181"><ele>459.75</ele></trkpt>
   <trkpt lat="-37.185502" lon="144.36841"><ele>459.5</ele></trkpt>
   <trkpt lat="-37.185774" lon="144.368652"><ele>459.75</ele></trkpt>
   <trkpt lat="-37.186051" lon="144.368915"><ele>460.25</ele></trkpt>
   <trkpt lat="-37.1866" lon="144.369492"><ele>460.25</ele></trkpt>
   <trkpt lat="-37.187065" lon="144.370026"><ele>460</ele></trkpt>
   <trkpt lat="-37.187295" lon="144.370331"><ele>460</ele></trkpt>
   <trkpt lat="-37.187526" lon="144.370655"><ele>460</ele></trkpt>
   <trkpt lat="-37.187768" lon="144.371011"><ele>460.25</ele></trkpt>
   <trkpt lat="-37.188197" lon="144.371707"><ele>460.25</ele></trkpt>
   <trkpt lat="-37.188375" lon="144.372026"><ele>460.75</ele></trkpt>
   <trkpt lat="-37.188556" lon="144.372375"><ele>461.5</ele></trkpt>
   <trkpt lat="-37.188726" lon="144.372715"><ele>461.5</ele></trkpt>
   <trkpt lat="-37.189034" lon="144.3734"><ele>461.25</ele></trkpt>
   <trkpt lat="-37.189308" lon="144.374087"><ele>461.5</ele></trkpt>
   <trkpt lat="-37.189461" lon="144.374508"><ele>461</ele></trkpt>
   <trkpt lat="-37.190011" lon="144.375984"><ele>455.25</ele></trkpt>
   <trkpt lat="-37.190211" lon="144.376525"><ele>452.25</ele></trkpt>
   <trkpt lat="-37.191208" lon="144.379222"><ele>447</ele></trkpt>
   <trkpt lat="-37.19177" lon="144.380743"><ele>446</ele></trkpt>
   <trkpt lat="-37.191977" lon="144.381289"><ele>448</ele></trkpt>
   <trkpt lat="-37.192286" lon="144.382014"><ele>448.75</ele></trkpt>
   <trkpt lat="-37.192429" lon="144.382327"><ele>449.25</ele></trkpt>
   <trkpt lat="-37.192614" lon="144.382685"><ele>448.75</ele></trkpt>
   <trkpt lat="-37.192993" lon="144.383355"><ele>449.25</ele></trkpt>
   <trkpt lat="-37.193193" lon="144.383698"><ele>451</ele></trkpt>
   <trkpt lat="-37.193432" lon="144.384069"><ele>453.75</ele></trkpt>
   <trkpt lat="-37.193649" lon="144.384388"><ele>455.75</ele></trkpt>
   <trkpt lat="-37.193923" lon="144.384753"><ele>458</ele></trkpt>
   <trkpt lat="-37.194176" lon="144.385076"><ele>460</ele></trkpt>
   <trkpt lat="-37.194367" lon="144.385303"><ele>460.75</ele></trkpt>
   <trkpt lat="-37.1948" lon="144.38578"><ele>461.75</ele></trkpt>
   <trkpt lat="-37.195074" lon="144.386056"><ele>462.5</ele></trkpt>
   <trkpt lat="-37.19535" lon="144.386316"><ele>464</ele></trkpt>
   <trkpt lat="-37.19563" lon="144.386567"><ele>465.25</ele></trkpt>
   <trkpt lat="-37.195897" lon="144.386788"><ele>466.5</ele></trkpt>
   <trkpt lat="-37.196441" lon="144.387201"><ele>469.5</ele></trkpt>
   <trkpt lat="-37.20833" lon="144.395508"><ele>485.5</ele></trkpt>
   <trkpt lat="-37.221945" lon="144.405067"><ele>497.75</ele></trkpt>
   <trkpt lat="-37.229436" lon="144.410342"><ele>502.5</ele></trkpt>
   <trkpt lat="-37.229601" lon="144.410457"><ele>502.25</ele></trkpt>
   <trkpt lat="-37.238077" lon="144.416415"><ele>498.25</ele></trkpt>
   <trkpt lat="-37.23976" lon="144.417574"><ele>494.25</ele></trkpt>
   <trkpt lat="-37.240025" lon="144.417757"><ele>493.25</ele></trkpt>
   <trkpt lat="-37.247294" lon="144.422885"><ele>504.25</ele></trkpt>
   <trkpt lat="-37.24759" lon="144.423106"><ele>505</ele></trkpt>
   <trkpt lat="-37.248125" lon="144.42355"><ele>506.75</ele></trkpt>
   <trkpt lat="-37.248672" lon="144.424048"><ele>507</ele></trkpt>
   <trkpt lat="-37.24893" lon="144.424298"><ele>506.75</ele></trkpt>
   <trkpt lat="-37.249219" lon="144.424599"><ele>507.25</ele></trkpt>
   <trkpt lat="-37.249625" lon="144.425037"><ele>508</ele></trkpt>
   <trkpt lat="-37.249828" lon="144.425277"><ele>508.25</ele></trkpt>
   <trkpt lat="-37.250185" lon="144.425707"><ele>509</ele></trkpt>
   <trkpt lat="-37.250733" lon="144.426441"><ele>509.75</ele></trkpt>
   <trkpt lat="-37.251117" lon="144.426996"><ele>510.25</ele></trkpt>
   <trkpt lat="-37.251506" lon="144.427618"><ele>511.75</ele></trkpt>
   <trkpt lat="-37.251838" lon="144.428199"><ele>512.75</ele></trkpt>
   <trkpt lat="-37.252049" lon="144.428595"><ele>513.25</ele></trkpt>
   <trkpt lat="-37.252364" lon="144.429218"><ele>513.5</ele></trkpt>
   <trkpt lat="-37.252637" lon="144.429814"><ele>512</ele></trkpt>
   <trkpt lat="-37.252906" lon="144.430468"><ele>514</ele></trkpt>
   <trkpt lat="-37.25318" lon="144.431214"><ele>518.5</ele></trkpt>
   <trkpt lat="-37.253427" lon="144.431984"><ele>521</ele></trkpt>
   <trkpt lat="-37.253557" lon="144.432422"><ele>521</ele></trkpt>
   <trkpt lat="-37.253793" lon="144.433302"><ele>523</ele></trkpt>
   <trkpt lat="-37.253967" lon="144.434122"><ele>524</ele></trkpt>
   <trkpt lat="-37.254123" lon="144.434974"><ele>522.25</ele></trkpt>
   <trkpt lat="-37.254197" lon="144.435453"><ele>523</ele></trkpt>
   <trkpt lat="-37.254256" lon="144.435956"><ele>523.5</ele></trkpt>
   <trkpt lat="-37.254302" lon="144.436424"><ele>523</ele></trkpt>
   <trkpt lat="-37.254679" lon="144.440478"><ele>519</ele></trkpt>
   <trkpt lat="-37.254722" lon="144.440888"><ele>521.25</ele></trkpt>
   <trkpt lat="-37.254871" lon="144.441892"><ele>522</ele></trkpt>
   <trkpt lat="-37.254978" lon="144.442436"><ele>522.75</ele></trkpt>
   <trkpt lat="-37.255088" lon="144.442934"><ele>521</ele></trkpt>
   <trkpt lat="-37.255205" lon="144.443389"><ele>518.75</ele></trkpt>
   <trkpt lat="-37.255349" lon="144.443865"><ele>515.75</ele></trkpt>
   <trkpt lat="-37.255514" lon="144.444352"><ele>513</ele></trkpt>
   <trkpt lat="-37.255687" lon="144.444824"><ele>511.75</ele></trkpt>
   <trkpt lat="-37.256256" lon="144.446281"><ele>510.5</ele></trkpt>
   <trkpt lat="-37.256305" lon="144.446406"><ele>510.75</ele></trkpt>
   <trkpt lat="-37.25695" lon="144.448052"><ele>512</ele></trkpt>
   <trkpt lat="-37.257085" lon="144.448375"><ele>512.25</ele></trkpt>
   <trkpt lat="-37.257238" lon="144.448715"><ele>512.75</ele></trkpt>
   <trkpt lat="-37.257552" lon="144.449307"><ele>514.25</ele></trkpt>
   <trkpt lat="-37.257714" lon="144.449612"><ele>515.5</ele></trkpt>
   <trkpt lat="-37.257985" lon="144.450087"><ele>517.25</ele></trkpt>
   <trkpt lat="-37.258225" lon="144.450466"><ele>518.25</ele></trkpt>
   <trkpt lat="-37.25864" lon="144.451095"><ele>519.25</ele></trkpt>
   <trkpt lat="-37.258731" lon="144.451242"><ele>519</ele></trkpt>
   <trkpt lat="-37.258865" lon="144.451454"><ele>518.75</ele></trkpt>
   <trkpt lat="-37.259026" lon="144.451663"><ele>518.5</ele></trkpt>
   <trkpt lat="-37.25989" lon="144.452569"><ele>520.75</ele></trkpt>
   <trkpt lat="-37.2604" lon="144.453034"><ele>519.25</ele></trkpt>
   <trkpt lat="-37.261259" lon="144.453779"><ele>519</ele></trkpt>
   <trkpt lat="-37.262077" lon="144.454299"><ele>520.5</ele></trkpt>
   <trkpt lat="-37.262771" lon="144.454677"><ele>520.75</ele></trkpt>
   <trkpt lat="-37.265719" lon="144.45593"><ele>523.75</ele></trkpt>
   <trkpt lat="-37.268109" lon="144.456906"><ele>526.25</ele></trkpt>
   <trkpt lat="-37.269492" lon="144.457218"><ele>529.25</ele></trkpt>
   <trkpt lat="-37.270713" lon="144.457421"><ele>532.75</ele></trkpt>
   <trkpt lat="-37.27155" lon="144.457454"><ele>535.5</ele></trkpt>
   <trkpt lat="-37.272779" lon="144.457421"><ele>534.75</ele></trkpt>
   <trkpt lat="-37.273821" lon="144.457368"><ele>533.25</ele></trkpt>
   <trkpt lat="-37.275469" lon="144.457303"><ele>530</ele></trkpt>
   <trkpt lat="-37.276894" lon="144.457432"><ele>529</ele></trkpt>
   <trkpt lat="-37.27832" lon="144.457851"><ele>530.75</ele></trkpt>
   <trkpt lat="-37.279362" lon="144.458366"><ele>534.25</ele></trkpt>
   <trkpt lat="-37.280762" lon="144.459192"><ele>536.75</ele></trkpt>
   <trkpt lat="-37.281479" lon="144.459878"><ele>538</ele></trkpt>
   <trkpt lat="-37.285327" lon="144.463725"><ele>536</ele></trkpt>
   <trkpt lat="-37.28633" lon="144.46465"><ele>535.5</ele></trkpt>
   <trkpt lat="-37.287973" lon="144.466214"><ele>535</ele></trkpt>
   <trkpt lat="-37.288805" lon="144.466973"><ele>535.25</ele></trkpt>
   <trkpt lat="-37.307694" lon="144.484748"><ele>552</ele></trkpt>
   <trkpt lat="-37.309538" lon="144.48641"><ele>550.25</ele></trkpt>
   <trkpt lat="-37.310036" lon="144.486875"><ele>549.5</ele></trkpt>
   <trkpt lat="-37.312225" lon="144.488956"><ele>544.5</ele></trkpt>
   <trkpt lat="-37.314062" lon="144.490643"><ele>548.5</ele></trkpt>
   <trkpt lat="-37.316163" lon="144.492647"><ele>538</ele></trkpt>
   <trkpt lat="-37.316585" lon="144.493022"><ele>537.25</ele></trkpt>
   <trkpt lat="-37.321398" lon="144.497531"><ele>540.5</ele></trkpt>
   <trkpt lat="-37.321423" lon="144.497555"><ele>540.5</ele></trkpt>
   <trkpt lat="-37.321854" lon="144.497974"><ele>540</ele></trkpt>
   <trkpt lat="-37.323139" lon="144.499195"><ele>541.5</ele></trkpt>
   <trkpt lat="-37.324234" lon="144.500216"><ele>538.75</ele></trkpt>
   <trkpt lat="-37.325476" lon="144.501326"><ele>537.5</ele></trkpt>
   <trkpt lat="-37.32609" lon="144.50182"><ele>537.75</ele></trkpt>
   <trkpt lat="-37.327097" lon="144.502448"><ele>539</ele></trkpt>
   <trkpt lat="-37.327771" lon="144.502855"><ele>539</ele></trkpt>
   <trkpt lat="-37.329575" lon="144.503574"><ele>541.5</ele></trkpt>
   <trkpt lat="-37.331704" lon="144.504223"><ele>544.75</ele></trkpt>
   <trkpt lat="-37.333499" lon="144.504706"><ele>544.5</ele></trkpt>
   <trkpt lat="-37.337206" lon="144.505779"><ele>542.75</ele></trkpt>
   <trkpt lat="-37.340622" lon="144.506718"><ele>543</ele></trkpt>
   <trkpt lat="-37.34464" lon="144.507791"><ele>544.75</ele></trkpt>
   <trkpt lat="-37.346021" lon="144.508295"><ele>547.25</ele></trkpt>
   <trkpt lat="-37.347326" lon="144.508949"><ele>546.75</ele></trkpt>
   <trkpt lat="-37.348324" lon="144.509529"><ele>546.75</ele></trkpt>
   <trkpt lat="-37.349348" lon="144.510339"><ele>547.75</ele></trkpt>
   <trkpt lat="-37.350836" lon="144.511827"><ele>550</ele></trkpt>
   <trkpt lat="-37.351111" lon="144.512122"><ele>550</ele></trkpt>
   <trkpt lat="-37.352265" lon="144.513681"><ele>548.25</ele></trkpt>
   <trkpt lat="-37.3529" lon="144.514695"><ele>548.5</ele></trkpt>
   <trkpt lat="-37.356435" lon="144.520897"><ele>565</ele></trkpt>
   <trkpt lat="-37.358869" lon="144.525306"><ele>565.5</ele></trkpt>
   <trkpt lat="-37.35998" lon="144.527276"><ele>567.75</ele></trkpt>
   <trkpt lat="-37.361554" lon="144.529958"><ele>567.5</ele></trkpt>
   <trkpt lat="-37.363293" lon="144.533005"><ele>575.75</ele></trkpt>
   <trkpt lat="-37.364837" lon="144.535751"><ele>575.25</ele></trkpt>
   <trkpt lat="-37.366312" lon="144.538435"><ele>579.25</ele></trkpt>
   <trkpt lat="-37.367327" lon="144.540255"><ele>576.75</ele></trkpt>
   <trkpt lat="-37.367885" lon="144.541279"><ele>572.75</ele></trkpt>
   <trkpt lat="-37.368592" lon="144.542313"><ele>570</ele></trkpt>
   <trkpt lat="-37.368913" lon="144.542734"><ele>571.5</ele></trkpt>
   <trkpt lat="-37.369744" lon="144.543701"><ele>578</ele></trkpt>
   <trkpt lat="-37.370162" lon="144.544119"><ele>581.5</ele></trkpt>
   <trkpt lat="-37.37139" lon="144.545219"><ele>584.75</ele></trkpt>
   <trkpt lat="-37.371969" lon="144.545691"><ele>584.25</ele></trkpt>
   <trkpt lat="-37.373142" lon="144.546426"><ele>582.5</ele></trkpt>
   <trkpt lat="-37.374587" lon="144.547129"><ele>581.5</ele></trkpt>
   <trkpt lat="-37.37541" lon="144.547494"><ele>584.75</ele></trkpt>
   <trkpt lat="-37.376659" lon="144.547982"><ele>585</ele></trkpt>
   <trkpt lat="-37.379643" lon="144.549007"><ele>588</ele></trkpt>
   <trkpt lat="-37.382882" lon="144.550181"><ele>588.75</ele></trkpt>
   <trkpt lat="-37.383394" lon="144.550353"><ele>589.5</ele></trkpt>
   <trkpt lat="-37.384417" lon="144.550766"><ele>586.75</ele></trkpt>
   <trkpt lat="-37.386066" lon="144.551201"><ele>579.5</ele></trkpt>
   <trkpt lat="-37.387584" lon="144.55134"><ele>573.25</ele></trkpt>
   <trkpt lat="-37.388521" lon="144.551533"><ele>570</ele></trkpt>
   <trkpt lat="-37.389928" lon="144.551957"><ele>569.5</ele></trkpt>
   <trkpt lat="-37.39067" lon="144.552263"><ele>567.5</ele></trkpt>
   <trkpt lat="-37.391923" lon="144.552858"><ele>568</ele></trkpt>
   <trkpt lat="-37.39257" lon="144.553277"><ele>566</ele></trkpt>
   <trkpt lat="-37.393926" lon="144.554344"><ele>560.75</ele></trkpt>
   <trkpt lat="-37.396641" lon="144.556753"><ele>552.5</ele></trkpt>
   <trkpt lat="-37.397651" lon="144.557659"><ele>550.5</ele></trkpt>
   <trkpt lat="-37.39858" lon="144.558453"><ele>552.5</ele></trkpt>
   <trkpt lat="-37.398848" lon="144.558743"><ele>551.25</ele></trkpt>
   <trkpt lat="-37.399556" lon="144.559365"><ele>546.5</ele></trkpt>
   <trkpt lat="-37.400203" lon="144.559848"><ele>542</ele></trkpt>
   <trkpt lat="-37.400702" lon="144.560154"><ele>538.75</ele></trkpt>
   <trkpt lat="-37.401324" lon="144.56046"><ele>539.5</ele></trkpt>
   <trkpt lat="-37.401874" lon="144.560717"><ele>539.75</ele></trkpt>
   <trkpt lat="-37.40236" lon="144.560926"><ele>538.75</ele></trkpt>
   <trkpt lat="-37.403054" lon="144.561103"><ele>540.75</ele></trkpt>
   <trkpt lat="-37.403664" lon="144.561243"><ele>540.25</ele></trkpt>
   <trkpt lat="-37.403992" lon="144.561302"><ele>539.5</ele></trkpt>
   <trkpt lat="-37.404388" lon="144.56135"><ele>538</ele></trkpt>
   <trkpt lat="-37.405232" lon="144.561398"><ele>535</ele></trkpt>
   <trkpt lat="-37.405475" lon="144.561398"><ele>534.25</ele></trkpt>
   <trkpt lat="-37.405943" lon="144.561382"><ele>532.5</ele></trkpt>
   <trkpt lat="-37.406416" lon="144.561334"><ele>530.25</ele></trkpt>
   <trkpt lat="-37.406915" lon="144.561259"><ele>528.75</ele></trkpt>
   <trkpt lat="-37.409506" lon="144.560819"><ele>517.25</ele></trkpt>
   <trkpt lat="-37.411329" lon="144.56047"><ele>517.5</ele></trkpt>
   <trkpt lat="-37.412463" lon="144.560331"><ele>518.25</ele></trkpt>
   <trkpt lat="-37.412927" lon="144.560304"><ele>516.75</ele></trkpt>
   <trkpt lat="-37.413566" lon="144.560315"><ele>513.25</ele></trkpt>
   <trkpt lat="-37.416447" lon="144.560551"><ele>506.25</ele></trkpt>
   <trkpt lat="-37.416638" lon="144.560578"><ele>507.25</ele></trkpt>
   <trkpt lat="-37.422259" lon="144.561043"><ele>511</ele></trkpt>
   <trkpt lat="-37.423002" lon="144.561143"><ele>511.25</ele></trkpt>
   <trkpt lat="-37.423042" lon="144.561147"><ele>511.5</ele></trkpt>
   <trkpt lat="-37.424222" lon="144.561249"><ele>510.25</ele></trkpt>
   <trkpt lat="-37.424729" lon="144.561281"><ele>510</ele></trkpt>
   <trkpt lat="-37.425273" lon="144.561344"><ele>510</ele></trkpt>
   <trkpt lat="-37.42582" lon="144.561421"><ele>510</ele></trkpt>
   <trkpt lat="-37.426366" lon="144.561536"><ele>509</ele></trkpt>
   <trkpt lat="-37.426909" lon="144.561683"><ele>508.25</ele></trkpt>
   <trkpt lat="-37.427461" lon="144.561859"><ele>507.25</ele></trkpt>
   <trkpt lat="-37.428007" lon="144.562075"><ele>505.25</ele></trkpt>
   <trkpt lat="-37.428551" lon="144.562309"><ele>503.25</ele></trkpt>
   <trkpt lat="-37.428983" lon="144.562504"><ele>502.25</ele></trkpt>
   <trkpt lat="-37.429144" lon="144.562569"><ele>502.25</ele></trkpt>
   <trkpt lat="-37.429622" lon="144.562764"><ele>503.75</ele></trkpt>
   <trkpt lat="-37.433985" lon="144.564691"><ele>495.5</ele></trkpt>
   <trkpt lat="-37.43453" lon="144.564917"><ele>497.5</ele></trkpt>
   <trkpt lat="-37.435076" lon="144.565167"><ele>500.5</ele></trkpt>
   <trkpt lat="-37.43562" lon="144.565443"><ele>501</ele></trkpt>
   <trkpt lat="-37.436166" lon="144.565773"><ele>498.5</ele></trkpt>
   <trkpt lat="-37.43671" lon="144.566127"><ele>498.25</ele></trkpt>
   <trkpt lat="-37.437258" lon="144.566494"><ele>500.5</ele></trkpt>
   <trkpt lat="-37.437799" lon="144.566885"><ele>502.75</ele></trkpt>
   <trkpt lat="-37.441616" lon="144.569787"><ele>494</ele></trkpt>
   <trkpt lat="-37.44779" lon="144.574428"><ele>483.25</ele></trkpt>
   <trkpt lat="-37.449796" lon="144.575957"><ele>477.25</ele></trkpt>
   <trkpt lat="-37.450061" lon="144.576148"><ele>476</ele></trkpt>
   <trkpt lat="-37.450881" lon="144.576829"><ele>472.75</ele></trkpt>
   <trkpt lat="-37.451138" lon="144.577056"><ele>473.25</ele></trkpt>
   <trkpt lat="-37.451692" lon="144.57758"><ele>474</ele></trkpt>
   <trkpt lat="-37.451972" lon="144.577855"><ele>474.25</ele></trkpt>
   <trkpt lat="-37.452236" lon="144.578143"><ele>473</ele></trkpt>
   <trkpt lat="-37.452793" lon="144.578829"><ele>468</ele></trkpt>
   <trkpt lat="-37.453333" lon="144.579536"><ele>465.5</ele></trkpt>
   <trkpt lat="-37.453606" lon="144.57994"><ele>464</ele></trkpt>
   <trkpt lat="-37.4539" lon="144.580396"><ele>462.75</ele></trkpt>
   <trkpt lat="-37.454054" lon="144.580633"><ele>462.75</ele></trkpt>
   <trkpt lat="-37.4543" lon="144.581012"><ele>463</ele></trkpt>
   <trkpt lat="-37.454799" lon="144.5819"><ele>462.75</ele></trkpt>
   <trkpt lat="-37.455042" lon="144.582366"><ele>462.5</ele></trkpt>
   <trkpt lat="-37.455273" lon="144.582846"><ele>462.25</ele></trkpt>
   <trkpt lat="-37.455471" lon="144.583291"><ele>462</ele></trkpt>
   <trkpt lat="-37.455665" lon="144.583778"><ele>462</ele></trkpt>
   <trkpt lat="-37.45603" lon="144.584787"><ele>462</ele></trkpt>
   <trkpt lat="-37.456192" lon="144.585307"><ele>461.5</ele></trkpt>
   <trkpt lat="-37.456465" lon="144.58634"><ele>459.75</ele></trkpt>
   <trkpt lat="-37.456562" lon="144.586743"><ele>459</ele></trkpt>
   <trkpt lat="-37.456586" lon="144.58686"><ele>459.25</ele></trkpt>
   <trkpt lat="-37.457082" lon="144.589184"><ele>462.5</ele></trkpt>
   <trkpt lat="-37.457851" lon="144.59294"><ele>468.25</ele></trkpt>
   <trkpt lat="-37.457953" lon="144.593638"><ele>467.5</ele></trkpt>
   <trkpt lat="-37.458794" lon="144.597745"><ele>468.25</ele></trkpt>
   <trkpt lat="-37.458915" lon="144.598336"><ele>469.25</ele></trkpt>
   <trkpt lat="-37.459803" lon="144.602674"><ele>468.5</ele></trkpt>
   <trkpt lat="-37.45999" lon="144.603588"><ele>468.25</ele></trkpt>
   <trkpt lat="-37.460276" lon="144.604781"><ele>466.75</ele></trkpt>
   <trkpt lat="-37.464481" lon="144.625313"><ele>447.25</ele></trkpt>
   <trkpt lat="-37.468221" lon="144.643858"><ele>418.75</ele></trkpt>
   <trkpt lat="-37.468317" lon="144.64439"><ele>418.5</ele></trkpt>
   <trkpt lat="-37.468402" lon="144.644948"><ele>417.75</ele></trkpt>
   <trkpt lat="-37.468549" lon="144.646147"><ele>415.75</ele></trkpt>
   <trkpt lat="-37.468611" lon="144.646789"><ele>415</ele></trkpt>
   <trkpt lat="-37.468665" lon="144.647447"><ele>415.75</ele></trkpt>
   <trkpt lat="-37.468693" lon="144.648022"><ele>415.25</ele></trkpt>
   <trkpt lat="-37.46871" lon="144.648636"><ele>414.5</ele></trkpt>
   <trkpt lat="-37.468712" lon="144.649264"><ele>413.25</ele></trkpt>
   <trkpt lat="-37.468703" lon="144.649905"><ele>412</ele></trkpt>
   <trkpt lat="-37.468631" lon="144.651203"><ele>409.25</ele></trkpt>
   <trkpt lat="-37.468509" lon="144.652406"><ele>407.5</ele></trkpt>
   <trkpt lat="-37.468439" lon="144.653017"><ele>406.5</ele></trkpt>
   <trkpt lat="-37.467664" lon="144.659059"><ele>396.75</ele></trkpt>
   <trkpt lat="-37.466947" lon="144.664528"><ele>387.25</ele></trkpt>
   <trkpt lat="-37.465942" lon="144.672096"><ele>367.75</ele></trkpt>
   <trkpt lat="-37.465897" lon="144.672422"><ele>366.25</ele></trkpt>
   <trkpt lat="-37.46563" lon="144.674508"><ele>365.25</ele></trkpt>
   <trkpt lat="-37.46557" lon="144.675031"><ele>366</ele></trkpt>
   <trkpt lat="-37.465088" lon="144.678872"><ele>368.75</ele></trkpt>
   <trkpt lat="-37.464847" lon="144.680936"><ele>370.25</ele></trkpt>
   <trkpt lat="-37.464674" lon="144.682662"><ele>366.75</ele></trkpt>
   <trkpt lat="-37.463522" lon="144.695834"><ele>364.75</ele></trkpt>
   <trkpt lat="-37.463263" lon="144.699019"><ele>360.75</ele></trkpt>
   <trkpt lat="-37.463184" lon="144.700139"><ele>360.75</ele></trkpt>
   <trkpt lat="-37.463155" lon="144.700743"><ele>359.5</ele></trkpt>
   <trkpt lat="-37.463143" lon="144.701229"><ele>359</ele></trkpt>
   <trkpt lat="-37.463135" lon="144.701798"><ele>359</ele></trkpt>
   <trkpt lat="-37.463143" lon="144.702344"><ele>359</ele></trkpt>
   <trkpt lat="-37.463162" lon="144.702879"><ele>359</ele></trkpt>
   <trkpt lat="-37.463188" lon="144.703389"><ele>359.25</ele></trkpt>
   <trkpt lat="-37.463228" lon="144.703929"><ele>360.25</ele></trkpt>
   <trkpt lat="-37.463285" lon="144.704524"><ele>360.75</ele></trkpt>
   <trkpt lat="-37.463422" lon="144.705764"><ele>358</ele></trkpt>
   <trkpt lat="-37.463501" lon="144.706306"><ele>356</ele></trkpt>
   <trkpt lat="-37.463605" lon="144.706914"><ele>355</ele></trkpt>
   <trkpt lat="-37.463735" lon="144.707527"><ele>356.5</ele></trkpt>
   <trkpt lat="-37.463867" lon="144.708106"><ele>357.25</ele></trkpt>
   <trkpt lat="-37.464004" lon="144.708666"><ele>357.25</ele></trkpt>
   <trkpt lat="-37.464143" lon="144.709209"><ele>357</ele></trkpt>
   <trkpt lat="-37.464301" lon="144.709753"><ele>357.5</ele></trkpt>
   <trkpt lat="-37.464487" lon="144.710327"><ele>358.25</ele></trkpt>
   <trkpt lat="-37.464687" lon="144.710909"><ele>358.5</ele></trkpt>
   <trkpt lat="-37.464886" lon="144.711457"><ele>359.25</ele></trkpt>
   <trkpt lat="-37.465119" lon="144.71206"><ele>358</ele></trkpt>
   <trkpt lat="-37.465331" lon="144.712581"><ele>356.25</ele></trkpt>
   <trkpt lat="-37.465561" lon="144.713077"><ele>357.5</ele></trkpt>
   <trkpt lat="-37.465774" lon="144.713518"><ele>358.5</ele></trkpt>
   <trkpt lat="-37.466024" lon="144.714021"><ele>358</ele></trkpt>
   <trkpt lat="-37.466271" lon="144.714483"><ele>357.75</ele></trkpt>
   <trkpt lat="-37.466517" lon="144.714934"><ele>357.5</ele></trkpt>
   <trkpt lat="-37.468218" lon="144.717953"><ele>353.25</ele></trkpt>
   <trkpt lat="-37.472336" lon="144.725263"><ele>345.75</ele></trkpt>
   <trkpt lat="-37.472367" lon="144.725319"><ele>345.75</ele></trkpt>
   <trkpt lat="-37.48397" lon="144.745898"><ele>327</ele></trkpt>
   <trkpt lat="-37.483983" lon="144.745921"><ele>327</ele></trkpt>
   <trkpt lat="-37.484362" lon="144.746593"><ele>327</ele></trkpt>
   <trkpt lat="-37.486865" lon="144.75103"><ele>322</ele></trkpt>
   <trkpt lat="-37.48727" lon="144.75172"><ele>320</ele></trkpt>
   <trkpt lat="-37.487486" lon="144.75206"><ele>318.5</ele></trkpt>
   <trkpt lat="-37.487977" lon="144.752769"><ele>317.5</ele></trkpt>
   <trkpt lat="-37.488504" lon="144.75345"><ele>316.5</ele></trkpt>
   <trkpt lat="-37.488777" lon="144.753773"><ele>315.75</ele></trkpt>
   <trkpt lat="-37.489213" lon="144.754257"><ele>314.75</ele></trkpt>
   <trkpt lat="-37.489565" lon="144.754628"><ele>314.5</ele></trkpt>
   <trkpt lat="-37.490112" lon="144.755141"><ele>314</ele></trkpt>
   <trkpt lat="-37.490657" lon="144.755606"><ele>313.75</ele></trkpt>
   <trkpt lat="-37.4912" lon="144.756034"><ele>312.75</ele></trkpt>
   <trkpt lat="-37.491742" lon="144.756415"><ele>312</ele></trkpt>
   <trkpt lat="-37.492285" lon="144.756778"><ele>310.25</ele></trkpt>
   <trkpt lat="-37.492829" lon="144.757084"><ele>309.75</ele></trkpt>
   <trkpt lat="-37.493386" lon="144.757374"><ele>309</ele></trkpt>
   <trkpt lat="-37.494462" lon="144.757877"><ele>308.5</ele></trkpt>
   <trkpt lat="-37.497183" lon="144.759124"><ele>307.75</ele></trkpt>
   <trkpt lat="-37.497732" lon="144.759344"><ele>306.5</ele></trkpt>
   <trkpt lat="-37.498274" lon="144.759546"><ele>305</ele></trkpt>
   <trkpt lat="-37.498815" lon="144.759722"><ele>305.25</ele></trkpt>
   <trkpt lat="-37.499361" lon="144.759873"><ele>306</ele></trkpt>
   <trkpt lat="-37.499903" lon="144.759996"><ele>306.75</ele></trkpt>
   <trkpt lat="-37.50045" lon="144.76011"><ele>307.5</ele></trkpt>
   <trkpt lat="-37.50099" lon="144.760197"><ele>307.75</ele></trkpt>
   <trkpt lat="-37.501537" lon="144.760271"><ele>308.75</ele></trkpt>
   <trkpt lat="-37.502079" lon="144.760319"><ele>308.5</ele></trkpt>
   <trkpt lat="-37.502623" lon="144.760347"><ele>308</ele></trkpt>
   <trkpt lat="-37.503167" lon="144.760349"><ele>307.25</ele></trkpt>
   <trkpt lat="-37.503712" lon="144.760339"><ele>306.25</ele></trkpt>
   <trkpt lat="-37.504254" lon="144.760304"><ele>305.25</ele></trkpt>
   <trkpt lat="-37.504797" lon="144.760252"><ele>304.75</ele></trkpt>
   <trkpt lat="-37.505343" lon="144.760174"><ele>304.5</ele></trkpt>
   <trkpt lat="-37.506431" lon="144.759978"><ele>303.5</ele></trkpt>
   <trkpt lat="-37.524" lon="144.756626"><ele>292</ele></trkpt>
   <trkpt lat="-37.535304" lon="144.754481"><ele>281.5</ele></trkpt>
   <trkpt lat="-37.549522" lon="144.751777"><ele>267</ele></trkpt>
   <trkpt lat="-37.550183" lon="144.75168"><ele>266.75</ele></trkpt>
   <trkpt lat="-37.550498" lon="144.751645"><ele>266.25</ele></trkpt>
   <trkpt lat="-37.550832" lon="144.751618"><ele>265.75</ele></trkpt>
   <trkpt lat="-37.551157" lon="144.751608"><ele>264.5</ele></trkpt>
   <trkpt lat="-37.55148" lon="144.751602"><ele>263.5</ele></trkpt>
   <trkpt lat="-37.551823" lon="144.751613"><ele>263</ele></trkpt>
   <trkpt lat="-37.552541" lon="144.751669"><ele>262.75</ele></trkpt>
   <trkpt lat="-37.552874" lon="144.751711"><ele>262.5</ele></trkpt>
   <trkpt lat="-37.55322" lon="144.751771"><ele>262</ele></trkpt>
   <trkpt lat="-37.553551" lon="144.751838"><ele>261.5</ele></trkpt>
   <trkpt lat="-37.555017" lon="144.7522"><ele>259.25</ele></trkpt>
   <trkpt lat="-37.555435" lon="144.752296"><ele>259</ele></trkpt>
   <trkpt lat="-37.555792" lon="144.752358"><ele>259</ele></trkpt>
   <trkpt lat="-37.556216" lon="144.752412"><ele>259</ele></trkpt>
   <trkpt lat="-37.55659" lon="144.752447"><ele>259</ele></trkpt>
   <trkpt lat="-37.557015" lon="144.752474"><ele>257.75</ele></trkpt>
   <trkpt lat="-37.557417" lon="144.752477"><ele>256.25</ele></trkpt>
   <trkpt lat="-37.55784" lon="144.752457"><ele>256</ele></trkpt>
   <trkpt lat="-37.558283" lon="144.752426"><ele>256</ele></trkpt>
   <trkpt lat="-37.558697" lon="144.752364"><ele>255.25</ele></trkpt>
   <trkpt lat="-37.559105" lon="144.752284"><ele>254.5</ele></trkpt>
   <trkpt lat="-37.559503" lon="144.752184"><ele>254</ele></trkpt>
   <trkpt lat="-37.559856" lon="144.752082"><ele>253.25</ele></trkpt>
   <trkpt lat="-37.560256" lon="144.751948"><ele>252.5</ele></trkpt>
   <trkpt lat="-37.560653" lon="144.751795"><ele>251.5</ele></trkpt>
   <trkpt lat="-37.561025" lon="144.751631"><ele>250.75</ele></trkpt>
   <trkpt lat="-37.561759" lon="144.751267"><ele>249</ele></trkpt>
   <trkpt lat="-37.562118" lon="144.751052"><ele>248.25</ele></trkpt>
   <trkpt lat="-37.562441" lon="144.750827"><ele>246.75</ele></trkpt>
   <trkpt lat="-37.562781" lon="144.750582"><ele>244.25</ele></trkpt>
   <trkpt lat="-37.563089" lon="144.750349"><ele>243</ele></trkpt>
   <trkpt lat="-37.563349" lon="144.750129"><ele>242.75</ele></trkpt>
   <trkpt lat="-37.563609" lon="144.749899"><ele>242</ele></trkpt>
   <trkpt lat="-37.56388" lon="144.749641"><ele>240.5</ele></trkpt>
   <trkpt lat="-37.564395" lon="144.749129"><ele>239.75</ele></trkpt>
   <trkpt lat="-37.564646" lon="144.748848"><ele>239.75</ele></trkpt>
   <trkpt lat="-37.56512" lon="144.748263"><ele>239.5</ele></trkpt>
   <trkpt lat="-37.565377" lon="144.747927"><ele>239</ele></trkpt>
   <trkpt lat="-37.565592" lon="144.747616"><ele>237.5</ele></trkpt>
   <trkpt lat="-37.565803" lon="144.747288"><ele>233.75</ele></trkpt>
   <trkpt lat="-37.566138" lon="144.74672"><ele>228</ele></trkpt>
   <trkpt lat="-37.566517" lon="144.746047"><ele>226.25</ele></trkpt>
   <trkpt lat="-37.56684" lon="144.745433"><ele>225.5</ele></trkpt>
   <trkpt lat="-37.567021" lon="144.745071"><ele>225.25</ele></trkpt>
   <trkpt lat="-37.567306" lon="144.744417"><ele>224.75</ele></trkpt>
   <trkpt lat="-37.567704" lon="144.743453"><ele>226</ele></trkpt>
   <trkpt lat="-37.568407" lon="144.7416"><ele>214</ele></trkpt>
   <trkpt lat="-37.568567" lon="144.741193"><ele>210</ele></trkpt>
   <trkpt lat="-37.568715" lon="144.740833"><ele>207.25</ele></trkpt>
   <trkpt lat="-37.569274" lon="144.739524"><ele>204</ele></trkpt>
   <trkpt lat="-37.569688" lon="144.738586"><ele>203.5</ele></trkpt>
   <trkpt lat="-37.570081" lon="144.737733"><ele>210</ele></trkpt>
   <trkpt lat="-37.570378" lon="144.73712"><ele>215.25</ele></trkpt>
   <trkpt lat="-37.570593" lon="144.736647"><ele>218.5</ele></trkpt>
   <trkpt lat="-37.571074" lon="144.735764"><ele>222.25</ele></trkpt>
   <trkpt lat="-37.571251" lon="144.735489"><ele>220.25</ele></trkpt>
   <trkpt lat="-37.571676" lon="144.734894"><ele>214.25</ele></trkpt>
   <trkpt lat="-37.571733" lon="144.734805"><ele>213.25</ele></trkpt>
   <trkpt lat="-37.572067" lon="144.734369"><ele>209.5</ele></trkpt>
   <trkpt lat="-37.57274" lon="144.733562"><ele>207.25</ele></trkpt>
   <trkpt lat="-37.573003" lon="144.733229"><ele>208.5</ele></trkpt>
   <trkpt lat="-37.573422" lon="144.732702"><ele>210.25</ele></trkpt>
   <trkpt lat="-37.573828" lon="144.732252"><ele>212.75</ele></trkpt>
   <trkpt lat="-37.574231" lon="144.731828"><ele>214.75</ele></trkpt>
   <trkpt lat="-37.575101" lon="144.730979"><ele>216</ele></trkpt>
   <trkpt lat="-37.575519" lon="144.730616"><ele>216.5</ele></trkpt>
   <trkpt lat="-37.575928" lon="144.730289"><ele>217</ele></trkpt>
   <trkpt lat="-37.577132" lon="144.72941"><ele>217.75</ele></trkpt>
   <trkpt lat="-37.577489" lon="144.729153"><ele>217.75</ele></trkpt>
   <trkpt lat="-37.577984" lon="144.728795"><ele>218.75</ele></trkpt>
   <trkpt lat="-37.580546" lon="144.726946"><ele>216.75</ele></trkpt>
   <trkpt lat="-37.580812" lon="144.726754"><ele>216.75</ele></trkpt>
   <trkpt lat="-37.581243" lon="144.726442"><ele>217</ele></trkpt>
   <trkpt lat="-37.581552" lon="144.726218"><ele>217</ele></trkpt>
   <trkpt lat="-37.581832" lon="144.726017"><ele>216.5</ele></trkpt>
   <trkpt lat="-37.582224" lon="144.72578"><ele>216.25</ele></trkpt>
   <trkpt lat="-37.582916" lon="144.72527"><ele>215</ele></trkpt>
   <trkpt lat="-37.586053" lon="144.722994"><ele>219.25</ele></trkpt>
   <trkpt lat="-37.589205" lon="144.720747"><ele>219</ele></trkpt>
   <trkpt lat="-37.590935" lon="144.719683"><ele>217.5</ele></trkpt>
   <trkpt lat="-37.592545" lon="144.71893"><ele>218.25</ele></trkpt>
   <trkpt lat="-37.593746" lon="144.718607"><ele>217.25</ele></trkpt>
   <trkpt lat="-37.595143" lon="144.718339"><ele>211.75</ele></trkpt>
   <trkpt lat="-37.59671" lon="144.718231"><ele>210.5</ele></trkpt>
   <trkpt lat="-37.599534" lon="144.718203"><ele>207</ele></trkpt>
   <trkpt lat="-37.599964" lon="144.718199"><ele>206</ele></trkpt>
   <trkpt lat="-37.601762" lon="144.718152"><ele>214</ele></trkpt>
   <trkpt lat="-37.60869" lon="144.718019"><ele>214.5</ele></trkpt>
   <trkpt lat="-37.611989" lon="144.717973"><ele>215</ele></trkpt>
   <trkpt lat="-37.615893" lon="144.717874"><ele>209.75</ele></trkpt>
   <trkpt lat="-37.616784" lon="144.717888"><ele>211</ele></trkpt>
   <trkpt lat="-37.617258" lon="144.71791"><ele>211.25</ele></trkpt>
   <trkpt lat="-37.617733" lon="144.71796"><ele>211.5</ele></trkpt>
   <trkpt lat="-37.618228" lon="144.718022"><ele>211.75</ele></trkpt>
   <trkpt lat="-37.618697" lon="144.718102"><ele>212.25</ele></trkpt>
   <trkpt lat="-37.620102" lon="144.718394"><ele>210.25</ele></trkpt>
   <trkpt lat="-37.623432" lon="144.719125"><ele>206.25</ele></trkpt>
   <trkpt lat="-37.626832" lon="144.719868"><ele>201.5</ele></trkpt>
   <trkpt lat="-37.628279" lon="144.720189"><ele>201.25</ele></trkpt>
   <trkpt lat="-37.628498" lon="144.72023"><ele>201</ele></trkpt>
   <trkpt lat="-37.63168" lon="144.720993"><ele>196.25</ele></trkpt>
   <trkpt lat="-37.6322" lon="144.721135"><ele>195.5</ele></trkpt>
   <trkpt lat="-37.632695" lon="144.721311"><ele>195.75</ele></trkpt>
   <trkpt lat="-37.633207" lon="144.721498"><ele>197</ele></trkpt>
   <trkpt lat="-37.633693" lon="144.721727"><ele>196.5</ele></trkpt>
   <trkpt lat="-37.63416" lon="144.721963"><ele>195</ele></trkpt>
   <trkpt lat="-37.634572" lon="144.722191"><ele>194.25</ele></trkpt>
   <trkpt lat="-37.635046" lon="144.722486"><ele>193.75</ele></trkpt>
   <trkpt lat="-37.635466" lon="144.722761"><ele>192.75</ele></trkpt>
   <trkpt lat="-37.635878" lon="144.723056"><ele>192</ele></trkpt>
   <trkpt lat="-37.641019" lon="144.727109"><ele>179.25</ele></trkpt>
   <trkpt lat="-37.651027" lon="144.734921"><ele>166</ele></trkpt>
   <trkpt lat="-37.6591" lon="144.741253"><ele>151.5</ele></trkpt>
   <trkpt lat="-37.665976" lon="144.746629"><ele>141.25</ele></trkpt>
   <trkpt lat="-37.673173" lon="144.752278"><ele>132.75</ele></trkpt>
   <trkpt lat="-37.68169" lon="144.758967"><ele>127</ele></trkpt>
   <trkpt lat="-37.693924" lon="144.768547"><ele>107.5</ele></trkpt>
   <trkpt lat="-37.695229" lon="144.769566"><ele>108</ele></trkpt>
   <trkpt lat="-37.695574" lon="144.769845"><ele>108</ele></trkpt>
   <trkpt lat="-37.69569" lon="144.769929"><ele>108</ele></trkpt>
   <trkpt lat="-37.698836" lon="144.7724"><ele>106.25</ele></trkpt>
   <trkpt lat="-37.699305" lon="144.772709"><ele>106</ele></trkpt>
   <trkpt lat="-37.699725" lon="144.77304"><ele>104.75</ele></trkpt>
   <trkpt lat="-37.699834" lon="144.773126"><ele>104.5</ele></trkpt>
   <trkpt lat="-37.700385" lon="144.773559"><ele>104.5</ele></trkpt>
   <trkpt lat="-37.700412" lon="144.77358"><ele>104.5</ele></trkpt>
   <trkpt lat="-37.700433" lon="144.773597"><ele>104.5</ele></trkpt>
   <trkpt lat="-37.701619" lon="144.774528"><ele>104.25</ele></trkpt>
   <trkpt lat="-37.702221" lon="144.774992"><ele>105.25</ele></trkpt>
   <trkpt lat="-37.702334" lon="144.775089"><ele>105.25</ele></trkpt>
   <trkpt lat="-37.702629" lon="144.775324"><ele>105</ele></trkpt>
   <trkpt lat="-37.703182" lon="144.775751"><ele>105.5</ele></trkpt>
   <trkpt lat="-37.703769" lon="144.776179"><ele>105</ele></trkpt>
   <trkpt lat="-37.70499" lon="144.777181"><ele>104.25</ele></trkpt>
   <trkpt lat="-37.706126" lon="144.778071"><ele>102.75</ele></trkpt>
   <trkpt lat="-37.706658" lon="144.778476"><ele>104</ele></trkpt>
   <trkpt lat="-37.706863" lon="144.778648"><ele>104.25</ele></trkpt>
   <trkpt lat="-37.707898" lon="144.779466"><ele>104</ele></trkpt>
   <trkpt lat="-37.708596" lon="144.780006"><ele>103.5</ele></trkpt>
   <trkpt lat="-37.709599" lon="144.78079"><ele>103.25</ele></trkpt>
   <trkpt lat="-37.711846" lon="144.78257"><ele>99.5</ele></trkpt>
   <trkpt lat="-37.712023" lon="144.782697"><ele>99</ele></trkpt>
   <trkpt lat="-37.713728" lon="144.784037"><ele>100.5</ele></trkpt>
   <trkpt lat="-37.715703" lon="144.785577"><ele>96.25</ele></trkpt>
   <trkpt lat="-37.718717" lon="144.78795"><ele>95.5</ele></trkpt>
   <trkpt lat="-37.719163" lon="144.788305"><ele>94</ele></trkpt>
   <trkpt lat="-37.719694" lon="144.788713"><ele>94</ele></trkpt>
   <trkpt lat="-37.721047" lon="144.789774"><ele>92.5</ele></trkpt>
   <trkpt lat="-37.721842" lon="144.790366"><ele>92.25</ele></trkpt>
   <trkpt lat="-37.722401" lon="144.790744"><ele>89.5</ele></trkpt>
   <trkpt lat="-37.723038" lon="144.791148"><ele>89</ele></trkpt>
   <trkpt lat="-37.723889" lon="144.79164"><ele>89.25</ele></trkpt>
   <trkpt lat="-37.724468" lon="144.791935"><ele>89</ele></trkpt>
   <trkpt lat="-37.725066" lon="144.792225"><ele>88.25</ele></trkpt>
   <trkpt lat="-37.725578" lon="144.792456"><ele>85.5</ele></trkpt>
   <trkpt lat="-37.726423" lon="144.792784"><ele>85.25</ele></trkpt>
   <trkpt lat="-37.726468" lon="144.792801"><ele>85.25</ele></trkpt>
   <trkpt lat="-37.727084" lon="144.793015"><ele>86.25</ele></trkpt>
   <trkpt lat="-37.727563" lon="144.793168"><ele>86.25</ele></trkpt>
   <trkpt lat="-37.727876" lon="144.793266"><ele>86.5</ele></trkpt>
   <trkpt lat="-37.728925" lon="144.793593"><ele>87</ele></trkpt>
   <trkpt lat="-37.728956" lon="144.793603"><ele>87</ele></trkpt>
   <trkpt lat="-37.730395" lon="144.794053"><ele>85.5</ele></trkpt>
   <trkpt lat="-37.734467" lon="144.795325"><ele>79.75</ele></trkpt>
   <trkpt lat="-37.734576" lon="144.795358"><ele>79.75</ele></trkpt>
   <trkpt lat="-37.739391" lon="144.796868"><ele>76.5</ele></trkpt>
   <trkpt lat="-37.740462" lon="144.797233"><ele>75.25</ele></trkpt>
   <trkpt lat="-37.741093" lon="144.797459"><ele>74</ele></trkpt>
   <trkpt lat="-37.741329" lon="144.797548"><ele>74</ele></trkpt>
   <trkpt lat="-37.741626" lon="144.797674"><ele>74</ele></trkpt>
   <trkpt lat="-37.741956" lon="144.797827"><ele>74.5</ele></trkpt>
   <trkpt lat="-37.742554" lon="144.798146"><ele>75</ele></trkpt>
   <trkpt lat="-37.743033" lon="144.798444"><ele>74.75</ele></trkpt>
   <trkpt lat="-37.743482" lon="144.798757"><ele>74.25</ele></trkpt>
   <trkpt lat="-37.743997" lon="144.799134"><ele>71.75</ele></trkpt>
   <trkpt lat="-37.744387" lon="144.79945"><ele>70</ele></trkpt>
   <trkpt lat="-37.744713" lon="144.799706"><ele>68.75</ele></trkpt>
   <trkpt lat="-37.745611" lon="144.800418"><ele>68.75</ele></trkpt>
   <trkpt lat="-37.745618" lon="144.800423"><ele>68.75</ele></trkpt>
   <trkpt lat="-37.746359" lon="144.80101"><ele>68.25</ele></trkpt>
   <trkpt lat="-37.747626" lon="144.801984"><ele>66.25</ele></trkpt>
   <trkpt lat="-37.747983" lon="144.802268"><ele>65.5</ele></trkpt>
   <trkpt lat="-37.749214" lon="144.803299"><ele>65</ele></trkpt>
   <trkpt lat="-37.749516" lon="144.803541"><ele>65.25</ele></trkpt>
   <trkpt lat="-37.749892" lon="144.803828"><ele>65.5</ele></trkpt>
   <trkpt lat="-37.752397" lon="144.805714"><ele>61.75</ele></trkpt>
   <trkpt lat="-37.753764" lon="144.806738"><ele>61.25</ele></trkpt>
   <trkpt lat="-37.754041" lon="144.806931"><ele>60</ele></trkpt>
   <trkpt lat="-37.754676" lon="144.807345"><ele>58.25</ele></trkpt>
   <trkpt lat="-37.755418" lon="144.807827"><ele>57.25</ele></trkpt>
   <trkpt lat="-37.755769" lon="144.808074"><ele>57</ele></trkpt>
   <trkpt lat="-37.758721" lon="144.810297"><ele>54.5</ele></trkpt>
   <trkpt lat="-37.759933" lon="144.811208"><ele>55.5</ele></trkpt>
   <trkpt lat="-37.760419" lon="144.811578"><ele>55</ele></trkpt>
   <trkpt lat="-37.761107" lon="144.812096"><ele>55.25</ele></trkpt>
   <trkpt lat="-37.761526" lon="144.812434"><ele>56.5</ele></trkpt>
   <trkpt lat="-37.761592" lon="144.81249"><ele>56.5</ele></trkpt>
   <trkpt lat="-37.762618" lon="144.813384"><ele>55.75</ele></trkpt>
   <trkpt lat="-37.763093" lon="144.813771"><ele>56.25</ele></trkpt>
   <trkpt lat="-37.765937" lon="144.815923"><ele>51.5</ele></trkpt>
   <trkpt lat="-37.769865" lon="144.818881"><ele>47</ele></trkpt>
   <trkpt lat="-37.772291" lon="144.820698"><ele>46.5</ele></trkpt>
   <trkpt lat="-37.77373" lon="144.821791"><ele>45.25</ele></trkpt>
   <trkpt lat="-37.77421" lon="144.822154"><ele>44.75</ele></trkpt>
   <trkpt lat="-37.774625" lon="144.822515"><ele>44.5</ele></trkpt>
   <trkpt lat="-37.775432" lon="144.823124"><ele>44</ele></trkpt>
   <trkpt lat="-37.775782" lon="144.823338"><ele>43.75</ele></trkpt>
   <trkpt lat="-37.775906" lon="144.823438"><ele>44</ele></trkpt>
   <trkpt lat="-37.776133" lon="144.823605"><ele>44.5</ele></trkpt>
   <trkpt lat="-37.776342" lon="144.823747"><ele>44.5</ele></trkpt>
   <trkpt lat="-37.776725" lon="144.82399"><ele>44</ele></trkpt>
   <trkpt lat="-37.776948" lon="144.824136"><ele>44.25</ele></trkpt>
   <trkpt lat="-37.77738" lon="144.824418"><ele>45.5</ele></trkpt>
   <trkpt lat="-37.777572" lon="144.824568"><ele>45.75</ele></trkpt>
   <trkpt lat="-37.778107" lon="144.825033"><ele>46.75</ele></trkpt>
   <trkpt lat="-37.778216" lon="144.825141"><ele>46.75</ele></trkpt>
   <trkpt lat="-37.778563" lon="144.82544"><ele>46.25</ele></trkpt>
   <trkpt lat="-37.781104" lon="144.827362"><ele>44</ele></trkpt>
   <trkpt lat="-37.781731" lon="144.827799"><ele>44.25</ele></trkpt>
   <trkpt lat="-37.782078" lon="144.828087"><ele>44.5</ele></trkpt>
   <trkpt lat="-37.782309" lon="144.828258"><ele>44.25</ele></trkpt>
   <trkpt lat="-37.783001" lon="144.828734"><ele>44</ele></trkpt>
   <trkpt lat="-37.783976" lon="144.829391"><ele>42.5</ele></trkpt>
   <trkpt lat="-37.785321" lon="144.830362"><ele>41.75</ele></trkpt>
   <trkpt lat="-37.785967" lon="144.830787"><ele>41.75</ele></trkpt>
   <trkpt lat="-37.786466" lon="144.831106"><ele>41.25</ele></trkpt>
   <trkpt lat="-37.78698" lon="144.831491"><ele>41.25</ele></trkpt>
   <trkpt lat="-37.787371" lon="144.831782"><ele>41.25</ele></trkpt>
   <trkpt lat="-37.787629" lon="144.831978"><ele>40.5</ele></trkpt>
   <trkpt lat="-37.788209" lon="144.832416"><ele>39.75</ele></trkpt>
   <trkpt lat="-37.789668" lon="144.833513"><ele>39.25</ele></trkpt>
   <trkpt lat="-37.790703" lon="144.834293"><ele>37</ele></trkpt>
   <trkpt lat="-37.790899" lon="144.834443"><ele>36.5</ele></trkpt>
   <trkpt lat="-37.791301" lon="144.834743"><ele>36.25</ele></trkpt>
   <trkpt lat="-37.791688" lon="144.835051"><ele>36</ele></trkpt>
   <trkpt lat="-37.791952" lon="144.835292"><ele>35.75</ele></trkpt>
   <trkpt lat="-37.792225" lon="144.835576"><ele>35.25</ele></trkpt>
   <trkpt lat="-37.792372" lon="144.835747"><ele>34.5</ele></trkpt>
   <trkpt lat="-37.792596" lon="144.836026"><ele>34</ele></trkpt>
   <trkpt lat="-37.793489" lon="144.837265"><ele>35.25</ele></trkpt>
   <trkpt lat="-37.794882" lon="144.839216"><ele>35.25</ele></trkpt>
   <trkpt lat="-37.79519" lon="144.839666"><ele>36</ele></trkpt>
   <trkpt lat="-37.795418" lon="144.840022"><ele>36.25</ele></trkpt>
   <trkpt lat="-37.795758" lon="144.840598"><ele>34.5</ele></trkpt>
   <trkpt lat="-37.795953" lon="144.840962"><ele>33.75</ele></trkpt>
   <trkpt lat="-37.79607" lon="144.841191"><ele>33.5</ele></trkpt>
   <trkpt lat="-37.796287" lon="144.841653"><ele>33.5</ele></trkpt>
   <trkpt lat="-37.79643" lon="144.84197"><ele>33.25</ele></trkpt>
   <trkpt lat="-37.796672" lon="144.84258"><ele>33.25</ele></trkpt>
   <trkpt lat="-37.796884" lon="144.843183"><ele>34.25</ele></trkpt>
   <trkpt lat="-37.797099" lon="144.843882"><ele>34</ele></trkpt>
   <trkpt lat="-37.797271" lon="144.844544"><ele>34.25</ele></trkpt>
   <trkpt lat="-37.797411" lon="144.845199"><ele>35</ele></trkpt>
   <trkpt lat="-37.797458" lon="144.845447"><ele>34.5</ele></trkpt>
   <trkpt lat="-37.797523" lon="144.845839"><ele>33.75</ele></trkpt>
   <trkpt lat="-37.797603" lon="144.846378"><ele>33.5</ele></trkpt>
   <trkpt lat="-37.797831" lon="144.848212"><ele>33</ele></trkpt>
   <trkpt lat="-37.798339" lon="144.852673"><ele>31.75</ele></trkpt>
   <trkpt lat="-37.798693" lon="144.856513"><ele>35.5</ele></trkpt>
   <trkpt lat="-37.798823" lon="144.857791"><ele>36.5</ele></trkpt>
   <trkpt lat="-37.799269" lon="144.861821"><ele>35.5</ele></trkpt>
   <trkpt lat="-37.799319" lon="144.862274"><ele>35.25</ele></trkpt>
   <trkpt lat="-37.799737" lon="144.866028"><ele>34</ele></trkpt>
   <trkpt lat="-37.799891" lon="144.867148"><ele>34.5</ele></trkpt>
   <trkpt lat="-37.800118" lon="144.868709"><ele>33.75</ele></trkpt>
   <trkpt lat="-37.800177" lon="144.86917"><ele>33.75</ele></trkpt>
   <trkpt lat="-37.800314" lon="144.870343"><ele>35.5</ele></trkpt>
   <trkpt lat="-37.801165" lon="144.877982"><ele>31.75</ele></trkpt>
   <trkpt lat="-37.801428" lon="144.879888"><ele>30.5</ele></trkpt>
   <trkpt lat="-37.801606" lon="144.881128"><ele>30.5</ele></trkpt>
   <trkpt lat="-37.801932" lon="144.883894"><ele>26.5</ele></trkpt>
   <trkpt lat="-37.801978" lon="144.884388"><ele>26.5</ele></trkpt>
   <trkpt lat="-37.80203" lon="144.885537"><ele>28.75</ele></trkpt>
   <trkpt lat="-37.80223" lon="144.887702"><ele>26.5</ele></trkpt>
   <trkpt lat="-37.802296" lon="144.88832"><ele>25.5</ele></trkpt>
   <trkpt lat="-37.80255" lon="144.890257"><ele>25.5</ele></trkpt>
   <trkpt lat="-37.802684" lon="144.891396"><ele>25.25</ele></trkpt>
   <trkpt lat="-37.802721" lon="144.891793"><ele>24.5</ele></trkpt>
   <trkpt lat="-37.802759" lon="144.892373"><ele>24.5</ele></trkpt>
   <trkpt lat="-37.80277" lon="144.892525"><ele>24.5</ele></trkpt>
   <trkpt lat="-37.802807" lon="144.892955"><ele>24.25</ele></trkpt>
   <trkpt lat="-37.802927" lon="144.894063"><ele>22.25</ele></trkpt>
   <trkpt lat="-37.802937" lon="144.894332"><ele>21.75</ele></trkpt>
   <trkpt lat="-37.802938" lon="144.894821"><ele>21</ele></trkpt>
   <trkpt lat="-37.802927" lon="144.895066"><ele>21</ele></trkpt>
   <trkpt lat="-37.80277" lon="144.897663"><ele>21.75</ele></trkpt>
   <trkpt lat="-37.802721" lon="144.898345"><ele>23.25</ele></trkpt>
   <trkpt lat="-37.802714" lon="144.898362"><ele>23.25</ele></trkpt>
   <trkpt lat="-37.802656" lon="144.898876"><ele>24.25</ele></trkpt>
   <trkpt lat="-37.802597" lon="144.899336"><ele>24.5</ele></trkpt>
   <trkpt lat="-37.80253" lon="144.899698"><ele>23.5</ele></trkpt>
   <trkpt lat="-37.802428" lon="144.900074"><ele>23</ele></trkpt>
   <trkpt lat="-37.802284" lon="144.900541"><ele>23.75</ele></trkpt>
   <trkpt lat="-37.802116" lon="144.901026"><ele>23.5</ele></trkpt>
   <trkpt lat="-37.80197" lon="144.901398"><ele>22.5</ele></trkpt>
   <trkpt lat="-37.801643" lon="144.902122"><ele>21</ele></trkpt>
   <trkpt lat="-37.80144" lon="144.902528"><ele>21.75</ele></trkpt>
   <trkpt lat="-37.801252" lon="144.902871"><ele>22</ele></trkpt>
   <trkpt lat="-37.801084" lon="144.903149"><ele>21.5</ele></trkpt>
   <trkpt lat="-37.800508" lon="144.904058"><ele>24.25</ele></trkpt>
   <trkpt lat="-37.800184" lon="144.904554"><ele>25</ele></trkpt>
   <trkpt lat="-37.800014" lon="144.904835"><ele>25</ele></trkpt>
   <trkpt lat="-37.799889" lon="144.905059"><ele>24.75</ele></trkpt>
   <trkpt lat="-37.799691" lon="144.905468"><ele>24</ele></trkpt>
   <trkpt lat="-37.799418" lon="144.906102"><ele>23.25</ele></trkpt>
   <trkpt lat="-37.799188" lon="144.906651"><ele>23.75</ele></trkpt>
   <trkpt lat="-37.799072" lon="144.906948"><ele>22.25</ele></trkpt>
   <trkpt lat="-37.798873" lon="144.907512"><ele>19</ele></trkpt>
   <trkpt lat="-37.798725" lon="144.907988"><ele>16.75</ele></trkpt>
   <trkpt lat="-37.798553" lon="144.908626"><ele>14</ele></trkpt>
   <trkpt lat="-37.798392" lon="144.909361"><ele>11</ele></trkpt>
   <trkpt lat="-37.798308" lon="144.909834"><ele>11.5</ele></trkpt>
   <trkpt lat="-37.798261" lon="144.91016"><ele>11</ele></trkpt>
   <trkpt lat="-37.798232" lon="144.910511"><ele>9.5</ele></trkpt>
   <trkpt lat="-37.798203" lon="144.910976"><ele>8</ele></trkpt>
   <trkpt lat="-37.798189" lon="144.911574"/>
   <trkpt lat="-37.798166" lon="144.913941"/>
   <trkpt lat="-37.798172" lon="144.914247"/>
   <trkpt lat="-37.798197" lon="144.914747"/>
   <trkpt lat="-37.798257" lon="144.915296"/>
   <trkpt lat="-37.798346" lon="144.915952"/>
   <trkpt lat="-37.798353" lon="144.915998"><ele>8.25</ele></trkpt>
   <trkpt lat="-37.798705" lon="144.918357"><ele>8.25</ele></trkpt>
   <trkpt lat="-37.798916" lon="144.919815"><ele>8.25</ele></trkpt>
   <trkpt lat="-37.799326" lon="144.922571"><ele>6.75</ele></trkpt>
   <trkpt lat="-37.799566" lon="144.924128"><ele>8</ele></trkpt>
   <trkpt lat="-37.799596" lon="144.924333"><ele>7.75</ele></trkpt>
   <trkpt lat="-37.799625" lon="144.924574"><ele>7.5</ele></trkpt>
   <trkpt lat="-37.799643" lon="144.924847"><ele>7</ele></trkpt>
   <trkpt lat="-37.799663" lon="144.925024"><ele>7</ele></trkpt>
   <trkpt lat="-37.799767" lon="144.925748"><ele>8.25</ele></trkpt>
   <trkpt lat="-37.799832" lon="144.926295"><ele>9</ele></trkpt>
   <trkpt lat="-37.799899" lon="144.926893"><ele>9.5</ele></trkpt>
   <trkpt lat="-37.799961" lon="144.927376"><ele>9.25</ele></trkpt>
   <trkpt lat="-37.800198" lon="144.928922"><ele>10</ele></trkpt>
   <trkpt lat="-37.800278" lon="144.929264"><ele>10</ele></trkpt>
   <trkpt lat="-37.800309" lon="144.929434"><ele>10.5</ele></trkpt>
   <trkpt lat="-37.800451" lon="144.930373"><ele>12</ele></trkpt>
   <trkpt lat="-37.800529" lon="144.930795"><ele>12.5</ele></trkpt>
   <trkpt lat="-37.800622" lon="144.931221"><ele>11.5</ele></trkpt>
   <trkpt lat="-37.800758" lon="144.931743"><ele>10</ele></trkpt>
   <trkpt lat="-37.800831" lon="144.932001"><ele>10</ele></trkpt>
   <trkpt lat="-37.800919" lon="144.932277"><ele>9.75</ele></trkpt>
   <trkpt lat="-37.800997" lon="144.932498"><ele>9.5</ele></trkpt>
   <trkpt lat="-37.801112" lon="144.932791"><ele>9.25</ele></trkpt>
   <trkpt lat="-37.801196" lon="144.932979"><ele>9.25</ele></trkpt>
   <trkpt lat="-37.801369" lon="144.933328"><ele>9.25</ele></trkpt>
   <trkpt lat="-37.801589" lon="144.933699"><ele>10</ele></trkpt>
   <trkpt lat="-37.802308" lon="144.934778"><ele>10.25</ele></trkpt>
   <trkpt lat="-37.802473" lon="144.934999"><ele>10.75</ele></trkpt>
   <trkpt lat="-37.80262" lon="144.935174"><ele>10.5</ele></trkpt>
   <trkpt lat="-37.802741" lon="144.935313"><ele>10.25</ele></trkpt>
   <trkpt lat="-37.80314" lon="144.935773"><ele>10</ele></trkpt>
   <trkpt lat="-37.80327" lon="144.935922"><ele>9.75</ele></trkpt>
   <trkpt lat="-37.803548" lon="144.936188"><ele>9.75</ele></trkpt>
   <trkpt lat="-37.803875" lon="144.936461"><ele>10.5</ele></trkpt>
   <trkpt lat="-37.804331" lon="144.936858"><ele>11</ele></trkpt>
   <trkpt lat="-37.804532" lon="144.937065"><ele>10.75</ele></trkpt>
   <trkpt lat="-37.804627" lon="144.937175"><ele>10.75</ele></trkpt>
   <trkpt lat="-37.80483" lon="144.937436"><ele>12</ele></trkpt>
   <trkpt lat="-37.804965" lon="144.937638"><ele>12.5</ele></trkpt>
   <trkpt lat="-37.805097" lon="144.937859"><ele>11.75</ele></trkpt>
   <trkpt lat="-37.805843" lon="144.939169"><ele>9.75</ele></trkpt>
   <trkpt lat="-37.805909" lon="144.939257"><ele>9.25</ele></trkpt>
   <trkpt lat="-37.806105" lon="144.939491"><ele>8.25</ele></trkpt>
   <trkpt lat="-37.806206" lon="144.939595"><ele>8</ele></trkpt>
   <trkpt lat="-37.806356" lon="144.93971"><ele>8</ele></trkpt>
   <trkpt lat="-37.806504" lon="144.939798"><ele>8</ele></trkpt>
   <trkpt lat="-37.806867" lon="144.939966"><ele>8</ele></trkpt>
   <trkpt lat="-37.806977" lon="144.940026"><ele>7.5</ele></trkpt>
   <trkpt lat="-37.807084" lon="144.940097"><ele>7</ele></trkpt>
   <trkpt lat="-37.8072" lon="144.940189"><ele>6.75</ele></trkpt>
   <trkpt lat="-37.807342" lon="144.94033"><ele>6.75</ele></trkpt>
   <trkpt lat="-37.80747" lon="144.940486"><ele>6.5</ele></trkpt>
   <trkpt lat="-37.807657" lon="144.940731"><ele>7</ele></trkpt>
   <trkpt lat="-37.807891" lon="144.941046"><ele>7.25</ele></trkpt>
   <trkpt lat="-37.80818" lon="144.941469"><ele>8.25</ele></trkpt>
   <trkpt lat="-37.808256" lon="144.941612"><ele>8.5</ele></trkpt>
   <trkpt lat="-37.808299" lon="144.941706"><ele>8.75</ele></trkpt>
   <trkpt lat="-37.808402" lon="144.941986"><ele>9.5</ele></trkpt>
   <trkpt lat="-37.808435" lon="144.942114"><ele>10</ele></trkpt>
   <trkpt lat="-37.808494" lon="144.942393"><ele>10.75</ele></trkpt>
   <trkpt lat="-37.808573" lon="144.94281"><ele>11.75</ele></trkpt>
   <trkpt lat="-37.808653" lon="144.943096"><ele>12.5</ele></trkpt>
   <trkpt lat="-37.808689" lon="144.943193"><ele>12.75</ele></trkpt>
   <trkpt lat="-37.808737" lon="144.943311"><ele>13</ele></trkpt>
   <trkpt lat="-37.808801" lon="144.943436"><ele>13.5</ele></trkpt>
   <trkpt lat="-37.808876" lon="144.943563"><ele>13.75</ele></trkpt>
   <trkpt lat="-37.809035" lon="144.943781"><ele>14.5</ele></trkpt>
   <trkpt lat="-37.809165" lon="144.943916"><ele>15</ele></trkpt>
   <trkpt lat="-37.809416" lon="144.944112"><ele>15.25</ele></trkpt>
   <trkpt lat="-37.810058" lon="144.944605"><ele>11.75</ele></trkpt>
   <trkpt lat="-37.810542" lon="144.944967"><ele>11.75</ele></trkpt>
   <trkpt lat="-37.810735" lon="144.945115"><ele>10.75</ele></trkpt>
   <trkpt lat="-37.810923" lon="144.945272"><ele>10</ele></trkpt>
   <trkpt lat="-37.811068" lon="144.945399"><ele>9.75</ele></trkpt>
   <trkpt lat="-37.811242" lon="144.945566"><ele>9.5</ele></trkpt>
   <trkpt lat="-37.811544" lon="144.94591"><ele>8.75</ele></trkpt>
   <trkpt lat="-37.811747" lon="144.946193"><ele>10</ele></trkpt>
   <trkpt lat="-37.812033" lon="144.946567"><ele>12.5</ele></trkpt>
   <trkpt lat="-37.812357" lon="144.946942"><ele>13.25</ele></trkpt>
   <trkpt lat="-37.812703" lon="144.947313"><ele>12.5</ele></trkpt>
   <trkpt lat="-37.812887" lon="144.947513"><ele>12</ele></trkpt>
   <trkpt lat="-37.813154" lon="144.947786"><ele>11.5</ele></trkpt>
   <trkpt lat="-37.813461" lon="144.948128"><ele>11.25</ele></trkpt>
   <trkpt lat="-37.813628" lon="144.948311"><ele>11.5</ele></trkpt>
   <trkpt lat="-37.81396" lon="144.948727"><ele>10.75</ele></trkpt>
   <trkpt lat="-37.814144" lon="144.948968"><ele>10.25</ele></trkpt>
   <trkpt lat="-37.814359" lon="144.949235"><ele>10.5</ele></trkpt>
   <trkpt lat="-37.814646" lon="144.949584"><ele>11.5</ele></trkpt>
   <trkpt lat="-37.814829" lon="144.94978"><ele>11.5</ele></trkpt>
   <trkpt lat="-37.815689" lon="144.950631"><ele>10.5</ele></trkpt>
   <trkpt lat="-37.815879" lon="144.950855"><ele>10</ele></trkpt>
   <trkpt lat="-37.815969" lon="144.950938"><ele>10.25</ele></trkpt>
   <trkpt lat="-37.816116" lon="144.951046"><ele>10.25</ele></trkpt>
   <trkpt lat="-37.816798" lon="144.951589"><ele>8.75</ele></trkpt>
   <trkpt lat="-37.817135" lon="144.95191"><ele>11</ele></trkpt>
   <trkpt lat="-37.817332" lon="144.95207"><ele>12.25</ele></trkpt>
   <trkpt lat="-37.818053" lon="144.952637"><ele>14.75</ele></trkpt>
   <trkpt lat="-37.81807" lon="144.952652"><ele>14.75</ele></trkpt>
   <trkpt lat="-37.818623" lon="144.953088"><ele>15.5</ele></trkpt>
  </trkseg>
 </trk>
</gpx>